participant,trial,question,choice
1,1,trees,1
1,2,trees,1
1,3,trees,1
1,4,trees,3
1,5,trees,3
1,6,trees,3
1,7,a_strength,2
1,8,b_strength,2
1,9,c_strength,1
1,10,b_strength,1
1,11,c_strength,3
1,12,a_choice,fish
1,13,a_choice,fish
1,14,b_choice,trees
1,15,c_choice,trees
1,16,b_choice,trees
1,17,c_choice,trees
1,18,a_choice,trees
1,18,c_choice,trees
1,18,trees,2
1,19,a_strength,1
1,19,b_strength,2
1,20,b_strength,3
1,20,b_choice,fish
1,21,c_strength,3
1,22,a_choice,trees
1,22,b_choice,trees
1,23,trees,3
1,24,trees,3
1,25,trees,3
1,26,b_choice,trees
1,27,a_choice,trees
1,28,b_choice,trees
1,29,b_choice,fish
1,29,c_choice,trees
1,30,a_choice,trees
1,30,c_choice,fish
1,31,a_choice,trees
1,31,b_choice,trees
1,32,b_choice,trees
1,32,c_choice,trees
1,33,c_strength,3
1,34,b_strength,3
1,35,c_strength,1
1,36,a_choice,fish
2,1,trees,1
2,2,trees,1
2,3,trees,3
2,4,trees,2
2,5,trees,2
2,6,trees,3
2,7,a_strength,1
2,8,b_strength,2
2,9,c_strength,3
2,10,b_strength,2
2,11,c_strength,3
2,12,a_choice,fish
2,13,a_choice,fish
2,14,b_choice,fish
2,15,c_choice,fish
2,16,b_choice,fish
2,17,c_choice,trees
2,18,a_choice,trees
2,18,c_choice,trees
2,18,trees,1
2,19,a_strength,2
2,19,b_strength,2
2,20,b_strength,3
2,20,b_choice,fish
2,21,c_strength,3
2,22,a_choice,trees
2,22,b_choice,fish
2,23,trees,1
2,24,trees,2
2,25,trees,1
2,26,b_choice,trees
2,27,a_choice,fish
2,28,b_choice,trees
2,29,b_choice,trees
2,29,c_choice,fish
2,30,a_choice,trees
2,30,c_choice,fish
2,31,a_choice,trees
2,31,b_choice,fish
2,32,b_choice,fish
2,32,c_choice,fish
2,33,c_strength,1
2,34,b_strength,2
2,35,c_strength,2
2,36,a_choice,trees
5,1,trees,1
5,2,trees,2
5,3,trees,3
5,4,trees,2
5,5,trees,1
5,6,trees,3
5,7,a_strength,1
5,8,b_strength,2
5,9,c_strength,1
5,10,b_strength,2
5,11,c_strength,1
5,12,a_choice,trees
5,13,a_choice,trees
5,14,b_choice,trees
5,15,c_choice,fish
5,16,b_choice,trees
5,17,c_choice,trees
5,18,a_choice,fish
5,18,c_choice,fish
5,18,trees,1
5,19,a_strength,2
5,19,b_strength,2
5,20,b_strength,3
5,20,b_choice,fish
5,21,c_strength,3
5,22,a_choice,fish
5,22,b_choice,trees
5,23,trees,2
5,24,trees,1
5,25,trees,1
5,26,b_choice,trees
5,27,a_choice,trees
5,28,b_choice,trees
5,29,b_choice,fish
5,29,c_choice,trees
5,30,a_choice,fish
5,30,c_choice,trees
5,31,a_choice,trees
5,31,b_choice,fish
5,32,b_choice,trees
5,32,c_choice,trees
5,33,c_strength,1
5,34,b_strength,2
5,35,c_strength,2
5,36,a_choice,fish
6,1,trees,2
6,2,trees,1
6,3,trees,3
6,4,trees,3
6,5,trees,2
6,6,trees,3
6,7,a_strength,3
6,8,b_strength,2
6,9,c_strength,2
6,10,b_strength,2
6,11,c_strength,2
6,12,a_choice,trees
6,13,a_choice,fish
6,14,b_choice,trees
6,15,c_choice,trees
6,16,b_choice,fish
6,17,c_choice,fish
6,18,a_choice,fish
6,18,c_choice,fish
6,18,trees,2
6,19,a_strength,2
6,19,b_strength,2
6,20,b_strength,3
6,20,b_choice,fish
6,21,c_strength,3
6,22,a_choice,fish
6,22,b_choice,trees
6,23,trees,3
6,24,trees,3
6,25,trees,1
6,26,b_choice,trees
6,27,a_choice,fish
6,28,b_choice,fish
6,29,b_choice,trees
6,29,c_choice,fish
6,30,a_choice,fish
6,30,c_choice,trees
6,31,a_choice,fish
6,31,b_choice,fish
6,32,b_choice,trees
6,32,c_choice,trees
6,33,c_strength,3
6,34,b_strength,3
6,35,c_strength,2
6,36,a_choice,trees
7,1,trees,1
7,2,trees,1
7,3,trees,1
7,4,trees,3
7,5,trees,1
7,6,trees,3
7,7,a_strength,1
7,8,b_strength,2
7,9,c_strength,1
7,10,b_strength,1
7,11,c_strength,1
7,12,a_choice,trees
7,13,a_choice,trees
7,14,b_choice,fish
7,15,c_choice,fish
7,16,b_choice,trees
7,17,c_choice,trees
7,18,a_choice,trees
7,18,c_choice,fish
7,18,trees,1
7,19,a_strength,1
7,19,b_strength,2
7,20,b_strength,2
7,20,b_choice,fish
7,21,c_strength,3
7,22,a_choice,trees
7,22,b_choice,fish
7,23,trees,3
7,24,trees,3
7,25,trees,1
7,26,b_choice,fish
7,27,a_choice,trees
7,28,b_choice,fish
7,29,b_choice,fish
7,29,c_choice,fish
7,30,a_choice,fish
7,30,c_choice,fish
7,31,a_choice,trees
7,31,b_choice,fish
7,32,b_choice,trees
7,32,c_choice,fish
7,33,c_strength,2
7,34,b_strength,2
7,35,c_strength,2
7,36,a_choice,fish
8,1,trees,1
8,2,trees,1
8,3,trees,3
8,4,trees,1
8,5,trees,2
8,6,trees,3
8,7,a_strength,3
8,8,b_strength,1
8,9,c_strength,3
8,10,b_strength,2
8,11,c_strength,1
8,12,a_choice,trees
8,13,a_choice,fish
8,14,b_choice,trees
8,15,c_choice,fish
8,16,b_choice,fish
8,17,c_choice,fish
8,18,a_choice,fish
8,18,c_choice,fish
8,18,trees,1
8,19,a_strength,2
8,19,b_strength,2
8,20,b_strength,3
8,20,b_choice,fish
8,21,c_strength,3
8,22,a_choice,fish
8,22,b_choice,fish
8,23,trees,1
8,24,trees,3
8,25,trees,1
8,26,b_choice,trees
8,27,a_choice,trees
8,28,b_choice,fish
8,29,b_choice,trees
8,29,c_choice,fish
8,30,a_choice,fish
8,30,c_choice,trees
8,31,a_choice,fish
8,31,b_choice,trees
8,32,b_choice,trees
8,32,c_choice,trees
8,33,c_strength,2
8,34,b_strength,2
8,35,c_strength,2
8,36,a_choice,trees
10,1,trees,1
10,2,trees,2
10,3,trees,3
10,4,trees,1
10,5,trees,1
10,6,trees,3
10,7,a_strength,3
10,8,b_strength,1
10,9,c_strength,1
10,10,b_strength,2
10,11,c_strength,2
10,12,a_choice,trees
10,13,a_choice,fish
10,14,b_choice,fish
10,15,c_choice,fish
10,16,b_choice,fish
10,17,c_choice,trees
10,18,a_choice,fish
10,18,c_choice,trees
10,18,trees,2
10,19,a_strength,1
10,19,b_strength,1
10,20,b_strength,3
10,20,b_choice,fish
10,21,c_strength,3
10,22,a_choice,trees
10,22,b_choice,fish
10,23,trees,2
10,24,trees,3
10,25,trees,3
10,26,b_choice,trees
10,27,a_choice,trees
10,28,b_choice,fish
10,29,b_choice,trees
10,29,c_choice,trees
10,30,a_choice,fish
10,30,c_choice,trees
10,31,a_choice,trees
10,31,b_choice,fish
10,32,b_choice,fish
10,32,c_choice,fish
10,33,c_strength,1
10,34,b_strength,3
10,35,c_strength,2
10,36,a_choice,trees
11,1,trees,1
11,2,trees,1
11,3,trees,1
11,4,trees,3
11,5,trees,1
11,6,trees,3
11,7,a_strength,1
11,8,b_strength,2
11,9,c_strength,1
11,10,b_strength,1
11,11,c_strength,1
11,12,a_choice,trees
11,13,a_choice,trees
11,14,b_choice,fish
11,15,c_choice,fish
11,16,b_choice,fish
11,17,c_choice,trees
11,18,a_choice,fish
11,18,c_choice,fish
11,18,trees,3
11,19,a_strength,1
11,19,b_strength,1
11,20,b_strength,3
11,20,b_choice,fish
11,21,c_strength,3
11,22,a_choice,fish
11,22,b_choice,trees
11,23,trees,3
11,24,trees,3
11,25,trees,1
11,26,b_choice,trees
11,27,a_choice,fish
11,28,b_choice,trees
11,29,b_choice,fish
11,29,c_choice,fish
11,30,a_choice,fish
11,30,c_choice,trees
11,31,a_choice,fish
11,31,b_choice,trees
11,32,b_choice,trees
11,32,c_choice,fish
11,33,c_strength,2
11,34,b_strength,2
11,35,c_strength,2
11,36,a_choice,trees
18,1,trees,1
18,2,trees,2
18,3,trees,1
18,4,trees,3
18,5,trees,3
18,6,trees,2
18,7,a_strength,2
18,8,b_strength,1
18,9,c_strength,3
18,10,b_strength,1
18,11,c_strength,3
18,12,a_choice,fish
18,13,a_choice,fish
18,14,b_choice,fish
18,15,c_choice,trees
18,16,b_choice,fish
18,17,c_choice,fish
18,18,a_choice,trees
18,18,c_choice,trees
18,18,trees,1
18,19,a_strength,1
18,19,b_strength,1
18,20,b_strength,3
18,20,b_choice,fish
18,21,c_strength,3
18,22,a_choice,fish
18,22,b_choice,trees
18,23,trees,3
18,24,trees,3
18,25,trees,3
18,26,b_choice,trees
18,27,a_choice,fish
18,28,b_choice,fish
18,29,b_choice,trees
18,29,c_choice,fish
18,30,a_choice,fish
18,30,c_choice,fish
18,31,a_choice,fish
18,31,b_choice,trees
18,32,b_choice,fish
18,32,c_choice,fish
18,33,c_strength,1
18,34,b_strength,3
18,35,c_strength,2
18,36,a_choice,fish
19,1,trees,1
19,2,trees,3
19,3,trees,3
19,4,trees,2
19,5,trees,3
19,6,trees,1
19,7,a_strength,3
19,8,b_strength,2
19,9,c_strength,3
19,10,b_strength,2
19,11,c_strength,3
19,12,a_choice,trees
19,13,a_choice,fish
19,14,b_choice,fish
19,15,c_choice,trees
19,16,b_choice,trees
19,17,c_choice,fish
19,18,a_choice,fish
19,18,c_choice,fish
19,18,trees,2
19,19,a_strength,2
19,19,b_strength,2
19,20,b_strength,3
19,20,b_choice,trees
19,21,c_strength,3
19,22,a_choice,fish
19,22,b_choice,trees
19,23,trees,1
19,24,trees,2
19,25,trees,2
19,26,b_choice,fish
19,27,a_choice,trees
19,28,b_choice,trees
19,29,b_choice,fish
19,29,c_choice,trees
19,30,a_choice,trees
19,30,c_choice,fish
19,31,a_choice,trees
19,31,b_choice,trees
19,32,b_choice,trees
19,32,c_choice,trees
19,33,c_strength,1
19,34,b_strength,3
19,35,c_strength,2
19,36,a_choice,fish
20,1,trees,1
20,2,trees,1
20,3,trees,3
20,4,trees,1
20,5,trees,3
20,6,trees,3
20,7,a_strength,3
20,8,b_strength,2
20,9,c_strength,1
20,10,b_strength,1
20,11,c_strength,3
20,12,a_choice,trees
20,13,a_choice,fish
20,14,b_choice,trees
20,15,c_choice,fish
20,16,b_choice,fish
20,17,c_choice,fish
20,18,a_choice,fish
20,18,c_choice,fish
20,18,trees,1
20,19,a_strength,1
20,19,b_strength,2
20,20,b_strength,3
20,20,b_choice,fish
20,21,c_strength,3
20,22,a_choice,fish
20,22,b_choice,trees
20,23,trees,3
20,24,trees,3
20,25,trees,2
20,26,b_choice,trees
20,27,a_choice,fish
20,28,b_choice,trees
20,29,b_choice,trees
20,29,c_choice,fish
20,30,a_choice,fish
20,30,c_choice,trees
20,31,a_choice,fish
20,31,b_choice,trees
20,32,b_choice,fish
20,32,c_choice,fish
20,33,c_strength,2
20,34,b_strength,3
20,35,c_strength,2
20,36,a_choice,trees
21,1,trees,3
21,2,trees,3
21,3,trees,3
21,4,trees,2
21,5,trees,3
21,6,trees,2
21,7,a_strength,1
21,8,b_strength,1
21,9,c_strength,2
21,10,b_strength,1
21,11,c_strength,1
21,12,a_choice,trees
21,13,a_choice,fish
21,14,b_choice,fish
21,15,c_choice,trees
21,16,b_choice,fish
21,17,c_choice,fish
21,18,a_choice,fish
21,18,c_choice,trees
21,18,trees,3
21,19,a_strength,2
21,19,b_strength,1
21,20,b_strength,3
21,20,b_choice,fish
21,21,c_strength,3
21,22,a_choice,trees
21,22,b_choice,trees
21,23,trees,3
21,24,trees,3
21,25,trees,3
21,26,b_choice,trees
21,27,a_choice,trees
21,28,b_choice,trees
21,29,b_choice,fish
21,29,c_choice,trees
21,30,a_choice,trees
21,30,c_choice,fish
21,31,a_choice,trees
21,31,b_choice,trees
21,32,b_choice,trees
21,32,c_choice,trees
21,33,c_strength,3
21,34,b_strength,3
21,35,c_strength,2
21,36,a_choice,fish
24,1,trees,1
24,2,trees,1
24,3,trees,1
24,4,trees,3
24,5,trees,3
24,6,trees,3
24,7,a_strength,1
24,8,b_strength,2
24,9,c_strength,1
24,10,b_strength,2
24,11,c_strength,2
24,12,a_choice,fish
24,13,a_choice,fish
24,14,b_choice,trees
24,15,c_choice,trees
24,16,b_choice,trees
24,17,c_choice,trees
24,18,a_choice,trees
24,18,c_choice,trees
24,18,trees,2
24,19,a_strength,2
24,19,b_strength,1
24,20,b_strength,3
24,20,b_choice,trees
24,21,c_strength,1
24,22,a_choice,trees
24,22,b_choice,trees
24,23,trees,3
24,24,trees,3
24,25,trees,3
24,26,b_choice,fish
24,27,a_choice,trees
24,28,b_choice,trees
24,29,b_choice,fish
24,29,c_choice,trees
24,30,a_choice,trees
24,30,c_choice,fish
24,31,a_choice,trees
24,31,b_choice,trees
24,32,b_choice,trees
24,32,c_choice,trees
24,33,c_strength,3
24,34,b_strength,1
24,35,c_strength,2
24,36,a_choice,fish
27,1,trees,2
27,2,trees,1
27,3,trees,3
27,4,trees,1
27,5,trees,2
27,6,trees,3
27,7,a_strength,3
27,8,b_strength,2
27,9,c_strength,1
27,10,b_strength,2
27,11,c_strength,3
27,12,a_choice,trees
27,13,a_choice,fish
27,14,b_choice,trees
27,15,c_choice,fish
27,16,b_choice,fish
27,17,c_choice,fish
27,18,a_choice,fish
27,18,c_choice,fish
27,18,trees,1
27,19,a_strength,2
27,19,b_strength,2
27,20,b_strength,3
27,20,b_choice,fish
27,21,c_strength,3
27,22,a_choice,fish
27,22,b_choice,fish
27,23,trees,1
27,24,trees,3
27,25,trees,1
27,26,b_choice,trees
27,27,a_choice,trees
27,28,b_choice,trees
27,29,b_choice,trees
27,29,c_choice,fish
27,30,a_choice,fish
27,30,c_choice,trees
27,31,a_choice,fish
27,31,b_choice,trees
27,32,b_choice,fish
27,32,c_choice,fish
27,33,c_strength,1
27,34,b_strength,3
27,35,c_strength,2
27,36,a_choice,fish
29,1,trees,1
29,2,trees,1
29,3,trees,3
29,4,trees,1
29,5,trees,1
29,6,trees,3
29,7,a_strength,1
29,8,b_strength,1
29,9,c_strength,1
29,10,b_strength,1
29,11,c_strength,3
29,12,a_choice,trees
29,13,a_choice,trees
29,14,b_choice,fish
29,15,c_choice,fish
29,16,b_choice,fish
29,17,c_choice,trees
29,18,a_choice,trees
29,18,c_choice,trees
29,18,trees,3
29,19,a_strength,2
29,19,b_strength,2
29,20,b_strength,1
29,20,b_choice,trees
29,21,c_strength,3
29,22,a_choice,fish
29,22,b_choice,fish
29,23,trees,2
29,24,trees,2
29,25,trees,1
29,26,b_choice,trees
29,27,a_choice,trees
29,28,b_choice,trees
29,29,b_choice,trees
29,29,c_choice,fish
29,30,a_choice,fish
29,30,c_choice,trees
29,31,a_choice,trees
29,31,b_choice,fish
29,32,b_choice,fish
29,32,c_choice,fish
29,33,c_strength,1
29,34,b_strength,3
29,35,c_strength,2
29,36,a_choice,trees
32,1,trees,1
32,2,trees,2
32,3,trees,3
32,4,trees,2
32,5,trees,1
32,6,trees,1
32,7,a_strength,2
32,8,b_strength,1
32,9,c_strength,2
32,10,b_strength,2
32,11,c_strength,2
32,12,a_choice,trees
32,13,a_choice,fish
32,14,b_choice,trees
32,15,c_choice,fish
32,16,b_choice,trees
32,17,c_choice,trees
32,18,a_choice,fish
32,18,c_choice,fish
32,18,trees,1
32,19,a_strength,2
32,19,b_strength,2
32,20,b_strength,3
32,20,b_choice,fish
32,21,c_strength,3
32,22,a_choice,fish
32,22,b_choice,trees
32,23,trees,3
32,24,trees,3
32,25,trees,1
32,26,b_choice,trees
32,27,a_choice,trees
32,28,b_choice,fish
32,29,b_choice,trees
32,29,c_choice,fish
32,30,a_choice,fish
32,30,c_choice,trees
32,31,a_choice,trees
32,31,b_choice,fish
32,32,b_choice,trees
32,32,c_choice,trees
32,33,c_strength,1
32,34,b_strength,3
32,35,c_strength,2
32,36,a_choice,trees
36,1,trees,1
36,2,trees,1
36,3,trees,3
36,4,trees,1
36,5,trees,1
36,6,trees,3
36,7,a_strength,3
36,8,b_strength,2
36,9,c_strength,1
36,10,b_strength,2
36,11,c_strength,3
36,12,a_choice,trees
36,13,a_choice,fish
36,14,b_choice,trees
36,15,c_choice,fish
36,16,b_choice,fish
36,17,c_choice,fish
36,18,a_choice,fish
36,18,c_choice,fish
36,18,trees,1
36,19,a_strength,2
36,19,b_strength,2
36,20,b_strength,3
36,20,b_choice,fish
36,21,c_strength,3
36,22,a_choice,trees
36,22,b_choice,fish
36,23,trees,1
36,24,trees,3
36,25,trees,1
36,26,b_choice,trees
36,27,a_choice,trees
36,28,b_choice,fish
36,29,b_choice,trees
36,29,c_choice,fish
36,30,a_choice,fish
36,30,c_choice,fish
36,31,a_choice,fish
36,31,b_choice,trees
36,32,b_choice,trees
36,32,c_choice,fish
36,33,c_strength,1
36,34,b_strength,2
36,35,c_strength,2
36,36,a_choice,trees
37,1,trees,2
37,2,trees,1
37,3,trees,2
37,4,trees,1
37,5,trees,1
37,6,trees,3
37,7,a_strength,3
37,8,b_strength,2
37,9,c_strength,1
37,10,b_strength,2
37,11,c_strength,3
37,12,a_choice,fish
37,13,a_choice,fish
37,14,b_choice,fish
37,15,c_choice,fish
37,16,b_choice,trees
37,17,c_choice,fish
37,18,a_choice,trees
37,18,c_choice,trees
37,18,trees,1
37,19,a_strength,3
37,19,b_strength,3
37,20,b_strength,3
37,20,b_choice,fish
37,21,c_strength,3
37,22,a_choice,trees
37,22,b_choice,trees
37,23,trees,3
37,24,trees,3
37,25,trees,1
37,26,b_choice,trees
37,27,a_choice,fish
37,28,b_choice,trees
37,29,b_choice,fish
37,29,c_choice,trees
37,30,a_choice,fish
37,30,c_choice,trees
37,31,a_choice,fish
37,31,b_choice,fish
37,32,b_choice,fish
37,32,c_choice,fish
37,33,c_strength,2
37,34,b_strength,2
37,35,c_strength,2
37,36,a_choice,fish
38,1,trees,1
38,2,trees,1
38,3,trees,1
38,4,trees,1
38,5,trees,1
38,6,trees,3
38,7,a_strength,3
38,8,b_strength,1
38,9,c_strength,1
38,10,b_strength,1
38,11,c_strength,3
38,12,a_choice,trees
38,13,a_choice,fish
38,14,b_choice,trees
38,15,c_choice,fish
38,16,b_choice,fish
38,17,c_choice,fish
38,18,a_choice,fish
38,18,c_choice,fish
38,18,trees,1
38,19,a_strength,2
38,19,b_strength,2
38,20,b_strength,3
38,20,b_choice,fish
38,21,c_strength,3
38,22,a_choice,trees
38,22,b_choice,trees
38,23,trees,1
38,24,trees,2
38,25,trees,1
38,26,b_choice,trees
38,27,a_choice,trees
38,28,b_choice,fish
38,29,b_choice,fish
38,29,c_choice,trees
38,30,a_choice,fish
38,30,c_choice,trees
38,31,a_choice,fish
38,31,b_choice,fish
38,32,b_choice,fish
38,32,c_choice,fish
38,33,c_strength,1
38,34,b_strength,3
38,35,c_strength,3
38,36,a_choice,fish
39,1,trees,3
39,2,trees,2
39,3,trees,1
39,4,trees,3
39,5,trees,3
39,6,trees,2
39,7,a_strength,3
39,8,b_strength,1
39,9,c_strength,1
39,10,b_strength,2
39,11,c_strength,2
39,12,a_choice,fish
39,13,a_choice,trees
39,14,b_choice,trees
39,15,c_choice,trees
39,16,b_choice,trees
39,17,c_choice,fish
39,18,a_choice,trees
39,18,c_choice,fish
39,18,trees,1
39,19,a_strength,3
39,19,b_strength,1
39,20,b_strength,3
39,20,b_choice,trees
39,21,c_strength,1
39,22,a_choice,fish
39,22,b_choice,fish
39,23,trees,3
39,24,trees,3
39,25,trees,3
39,26,b_choice,fish
39,27,a_choice,trees
39,28,b_choice,trees
39,29,b_choice,fish
39,29,c_choice,trees
39,30,a_choice,trees
39,30,c_choice,fish
39,31,a_choice,fish
39,31,b_choice,fish
39,32,b_choice,fish
39,32,c_choice,fish
39,33,c_strength,1
39,34,b_strength,1
39,35,c_strength,3
39,36,a_choice,fish
40,1,trees,3
40,2,trees,3
40,3,trees,2
40,4,trees,1
40,5,trees,2
40,6,trees,2
40,7,a_strength,2
40,8,b_strength,3
40,9,c_strength,2
40,10,b_strength,3
40,11,c_strength,3
40,12,a_choice,fish
40,13,a_choice,fish
40,14,b_choice,trees
40,15,c_choice,fish
40,16,b_choice,fish
40,17,c_choice,fish
40,18,a_choice,trees
40,18,c_choice,fish
40,18,trees,2
40,19,a_strength,1
40,19,b_strength,2
40,20,b_strength,3
40,20,b_choice,fish
40,21,c_strength,1
40,22,a_choice,trees
40,22,b_choice,fish
40,23,trees,3
40,24,trees,3
40,25,trees,1
40,26,b_choice,fish
40,27,a_choice,fish
40,28,b_choice,trees
40,29,b_choice,trees
40,29,c_choice,fish
40,30,a_choice,trees
40,30,c_choice,fish
40,31,a_choice,fish
40,31,b_choice,trees
40,32,b_choice,fish
40,32,c_choice,trees
40,33,c_strength,2
40,34,b_strength,2
40,35,c_strength,2
40,36,a_choice,trees
41,1,trees,1
41,2,trees,2
41,3,trees,3
41,4,trees,2
41,5,trees,1
41,6,trees,3
41,7,a_strength,1
41,8,b_strength,2
41,9,c_strength,2
41,10,b_strength,1
41,11,c_strength,3
41,12,a_choice,trees
41,13,a_choice,fish
41,14,b_choice,trees
41,15,c_choice,fish
41,16,b_choice,fish
41,17,c_choice,fish
41,18,a_choice,fish
41,18,c_choice,fish
41,18,trees,1
41,19,a_strength,2
41,19,b_strength,2
41,20,b_strength,3
41,20,b_choice,fish
41,21,c_strength,3
41,22,a_choice,trees
41,22,b_choice,trees
41,23,trees,2
41,24,trees,3
41,25,trees,2
41,26,b_choice,trees
41,27,a_choice,fish
41,28,b_choice,fish
41,29,b_choice,trees
41,29,c_choice,fish
41,30,a_choice,fish
41,30,c_choice,fish
41,31,a_choice,trees
41,31,b_choice,fish
41,32,b_choice,fish
41,32,c_choice,trees
41,33,c_strength,1
41,34,b_strength,3
41,35,c_strength,2
41,36,a_choice,trees
43,1,trees,1
43,2,trees,1
43,3,trees,1
43,4,trees,2
43,5,trees,1
43,6,trees,3
43,7,a_strength,1
43,8,b_strength,1
43,9,c_strength,1
43,10,b_strength,2
43,11,c_strength,1
43,12,a_choice,fish
43,13,a_choice,fish
43,14,b_choice,trees
43,15,c_choice,fish
43,16,b_choice,fish
43,17,c_choice,fish
43,18,a_choice,trees
43,18,c_choice,trees
43,18,trees,1
43,19,a_strength,2
43,19,b_strength,2
43,20,b_strength,3
43,20,b_choice,fish
43,21,c_strength,3
43,22,a_choice,fish
43,22,b_choice,trees
43,23,trees,1
43,24,trees,3
43,25,trees,1
43,26,b_choice,trees
43,27,a_choice,trees
43,28,b_choice,fish
43,29,b_choice,trees
43,29,c_choice,fish
43,30,a_choice,fish
43,30,c_choice,trees
43,31,a_choice,trees
43,31,b_choice,trees
43,32,b_choice,trees
43,32,c_choice,trees
43,33,c_strength,1
43,34,b_strength,3
43,35,c_strength,1
43,36,a_choice,trees
44,1,trees,1
44,2,trees,1
44,3,trees,3
44,4,trees,1
44,5,trees,1
44,6,trees,3
44,7,a_strength,3
44,8,b_strength,2
44,9,c_strength,1
44,10,b_strength,2
44,11,c_strength,1
44,12,a_choice,trees
44,13,a_choice,fish
44,14,b_choice,fish
44,15,c_choice,fish
44,16,b_choice,fish
44,17,c_choice,fish
44,18,a_choice,fish
44,18,c_choice,fish
44,18,trees,1
44,19,a_strength,1
44,19,b_strength,1
44,20,b_strength,3
44,20,b_choice,fish
44,21,c_strength,3
44,22,a_choice,trees
44,22,b_choice,trees
44,23,trees,2
44,24,trees,2
44,25,trees,1
44,26,b_choice,trees
44,27,a_choice,fish
44,28,b_choice,fish
44,29,b_choice,trees
44,29,c_choice,trees
44,30,a_choice,fish
44,30,c_choice,fish
44,31,a_choice,fish
44,31,b_choice,trees
44,32,b_choice,fish
44,32,c_choice,fish
44,33,c_strength,2
44,34,b_strength,3
44,35,c_strength,3
44,36,a_choice,trees
45,1,trees,2
45,2,trees,1
45,3,trees,3
45,4,trees,3
45,5,trees,2
45,6,trees,3
45,7,a_strength,3
45,8,b_strength,2
45,9,c_strength,1
45,10,b_strength,2
45,11,c_strength,3
45,12,a_choice,trees
45,13,a_choice,fish
45,14,b_choice,trees
45,15,c_choice,fish
45,16,b_choice,fish
45,17,c_choice,fish
45,18,a_choice,fish
45,18,c_choice,fish
45,18,trees,1
45,19,a_strength,2
45,19,b_strength,2
45,20,b_strength,3
45,20,b_choice,fish
45,21,c_strength,3
45,22,a_choice,trees
45,22,b_choice,trees
45,23,trees,1
45,24,trees,3
45,25,trees,1
45,26,b_choice,trees
45,27,a_choice,trees
45,28,b_choice,fish
45,29,b_choice,trees
45,29,c_choice,fish
45,30,a_choice,fish
45,30,c_choice,trees
45,31,a_choice,trees
45,31,b_choice,fish
45,32,b_choice,fish
45,32,c_choice,fish
45,33,c_strength,1
45,34,b_strength,2
45,35,c_strength,2
45,36,a_choice,trees
47,1,trees,1
47,2,trees,1
47,3,trees,3
47,4,trees,3
47,5,trees,3
47,6,trees,3
47,7,a_strength,2
47,8,b_strength,2
47,9,c_strength,1
47,10,b_strength,2
47,11,c_strength,2
47,12,a_choice,fish
47,13,a_choice,fish
47,14,b_choice,trees
47,15,c_choice,trees
47,16,b_choice,trees
47,17,c_choice,fish
47,18,a_choice,trees
47,18,c_choice,trees
47,18,trees,3
47,19,a_strength,2
47,19,b_strength,2
47,20,b_strength,3
47,20,b_choice,fish
47,21,c_strength,3
47,22,a_choice,trees
47,22,b_choice,trees
47,23,trees,3
47,24,trees,2
47,25,trees,3
47,26,b_choice,fish
47,27,a_choice,fish
47,28,b_choice,trees
47,29,b_choice,trees
47,29,c_choice,fish
47,30,a_choice,trees
47,30,c_choice,trees
47,31,a_choice,fish
47,31,b_choice,trees
47,32,b_choice,trees
47,32,c_choice,fish
47,33,c_strength,1
47,34,b_strength,3
47,35,c_strength,2
47,36,a_choice,fish
48,1,trees,2
48,2,trees,2
48,3,trees,3
48,4,trees,2
48,5,trees,1
48,6,trees,3
48,7,a_strength,3
48,8,b_strength,2
48,9,c_strength,3
48,10,b_strength,2
48,11,c_strength,1
48,12,a_choice,trees
48,13,a_choice,trees
48,14,b_choice,trees
48,15,c_choice,trees
48,16,b_choice,fish
48,17,c_choice,fish
48,18,a_choice,fish
48,18,c_choice,fish
48,18,trees,2
48,19,a_strength,1
48,19,b_strength,1
48,20,b_strength,3
48,20,b_choice,fish
48,21,c_strength,3
48,22,a_choice,fish
48,22,b_choice,trees
48,23,trees,1
48,24,trees,2
48,25,trees,1
48,26,b_choice,fish
48,27,a_choice,trees
48,28,b_choice,fish
48,29,b_choice,trees
48,29,c_choice,trees
48,30,a_choice,fish
48,30,c_choice,trees
48,31,a_choice,fish
48,31,b_choice,fish
48,32,b_choice,trees
48,32,c_choice,fish
48,33,c_strength,1
48,34,b_strength,1
48,35,c_strength,2
48,36,a_choice,trees
51,1,trees,2
51,2,trees,1
51,3,trees,3
51,4,trees,3
51,5,trees,3
51,6,trees,3
51,7,a_strength,3
51,8,b_strength,2
51,9,c_strength,2
51,10,b_strength,1
51,11,c_strength,3
51,12,a_choice,fish
51,13,a_choice,trees
51,14,b_choice,fish
51,15,c_choice,trees
51,16,b_choice,fish
51,17,c_choice,fish
51,18,a_choice,trees
51,18,c_choice,trees
51,18,trees,1
51,19,a_strength,3
51,19,b_strength,3
51,20,b_strength,3
51,20,b_choice,fish
51,21,c_strength,3
51,22,a_choice,fish
51,22,b_choice,fish
51,23,trees,3
51,24,trees,3
51,25,trees,3
51,26,b_choice,trees
51,27,a_choice,fish
51,28,b_choice,fish
51,29,b_choice,fish
51,29,c_choice,fish
51,30,a_choice,fish
51,30,c_choice,fish
51,31,a_choice,trees
51,31,b_choice,trees
51,32,b_choice,fish
51,32,c_choice,fish
51,33,c_strength,1
51,34,b_strength,3
51,35,c_strength,2
51,36,a_choice,trees
53,1,trees,1
53,2,trees,1
53,3,trees,2
53,4,trees,3
53,5,trees,3
53,6,trees,3
53,7,a_strength,2
53,8,b_strength,2
53,9,c_strength,3
53,10,b_strength,1
53,11,c_strength,1
53,12,a_choice,fish
53,13,a_choice,trees
53,14,b_choice,fish
53,15,c_choice,fish
53,16,b_choice,fish
53,17,c_choice,trees
53,18,a_choice,trees
53,18,c_choice,fish
53,18,trees,2
53,19,a_strength,1
53,19,b_strength,1
53,20,b_strength,3
53,20,b_choice,fish
53,21,c_strength,2
53,22,a_choice,fish
53,22,b_choice,fish
53,23,trees,3
53,24,trees,3
53,25,trees,2
53,26,b_choice,fish
53,27,a_choice,fish
53,28,b_choice,fish
53,29,b_choice,fish
53,29,c_choice,fish
53,30,a_choice,trees
53,30,c_choice,fish
53,31,a_choice,trees
53,31,b_choice,trees
53,32,b_choice,fish
53,32,c_choice,fish
53,33,c_strength,1
53,34,b_strength,3
53,35,c_strength,1
53,36,a_choice,fish
54,1,trees,1
54,2,trees,2
54,3,trees,3
54,4,trees,1
54,5,trees,2
54,6,trees,3
54,7,a_strength,3
54,8,b_strength,1
54,9,c_strength,2
54,10,b_strength,2
54,11,c_strength,2
54,12,a_choice,trees
54,13,a_choice,fish
54,14,b_choice,trees
54,15,c_choice,fish
54,16,b_choice,fish
54,17,c_choice,trees
54,18,a_choice,fish
54,18,c_choice,fish
54,18,trees,1
54,19,a_strength,3
54,19,b_strength,3
54,20,b_strength,3
54,20,b_choice,fish
54,21,c_strength,3
54,22,a_choice,trees
54,22,b_choice,fish
54,23,trees,2
54,24,trees,1
54,25,trees,1
54,26,b_choice,trees
54,27,a_choice,trees
54,28,b_choice,fish
54,29,b_choice,fish
54,29,c_choice,fish
54,30,a_choice,fish
54,30,c_choice,trees
54,31,a_choice,fish
54,31,b_choice,trees
54,32,b_choice,fish
54,32,c_choice,fish
54,33,c_strength,2
54,34,b_strength,2
54,35,c_strength,3
54,36,a_choice,trees
55,1,trees,1
55,2,trees,1
55,3,trees,3
55,4,trees,2
55,5,trees,2
55,6,trees,3
55,7,a_strength,3
55,8,b_strength,2
55,9,c_strength,1
55,10,b_strength,2
55,11,c_strength,2
55,12,a_choice,trees
55,13,a_choice,fish
55,14,b_choice,fish
55,15,c_choice,fish
55,16,b_choice,trees
55,17,c_choice,fish
55,18,a_choice,fish
55,18,c_choice,fish
55,18,trees,1
55,19,a_strength,2
55,19,b_strength,2
55,20,b_strength,3
55,20,b_choice,fish
55,21,c_strength,3
55,22,a_choice,fish
55,22,b_choice,fish
55,23,trees,1
55,24,trees,2
55,25,trees,1
55,26,b_choice,trees
55,27,a_choice,trees
55,28,b_choice,trees
55,29,b_choice,trees
55,29,c_choice,trees
55,30,a_choice,fish
55,30,c_choice,trees
55,31,a_choice,fish
55,31,b_choice,trees
55,32,b_choice,trees
55,32,c_choice,fish
55,33,c_strength,1
55,34,b_strength,3
55,35,c_strength,1
55,36,a_choice,trees
56,1,trees,1
56,2,trees,1
56,3,trees,3
56,4,trees,3
56,5,trees,3
56,6,trees,3
56,7,a_strength,3
56,8,b_strength,1
56,9,c_strength,1
56,10,b_strength,2
56,11,c_strength,3
56,12,a_choice,fish
56,13,a_choice,fish
56,14,b_choice,trees
56,15,c_choice,trees
56,16,b_choice,trees
56,17,c_choice,trees
56,18,a_choice,fish
56,18,c_choice,trees
56,18,trees,1
56,19,a_strength,2
56,19,b_strength,1
56,20,b_strength,3
56,20,b_choice,trees
56,21,c_strength,1
56,22,a_choice,fish
56,22,b_choice,trees
56,23,trees,1
56,24,trees,3
56,25,trees,1
56,26,b_choice,trees
56,27,a_choice,trees
56,28,b_choice,fish
56,29,b_choice,fish
56,29,c_choice,trees
56,30,a_choice,trees
56,30,c_choice,fish
56,31,a_choice,trees
56,31,b_choice,trees
56,32,b_choice,trees
56,32,c_choice,trees
56,33,c_strength,1
56,34,b_strength,3
56,35,c_strength,3
56,36,a_choice,fish
57,1,trees,1
57,2,trees,1
57,3,trees,3
57,4,trees,3
57,5,trees,1
57,6,trees,3
57,7,a_strength,3
57,8,b_strength,1
57,9,c_strength,1
57,10,b_strength,2
57,11,c_strength,3
57,12,a_choice,trees
57,13,a_choice,fish
57,14,b_choice,fish
57,15,c_choice,fish
57,16,b_choice,fish
57,17,c_choice,trees
57,18,a_choice,fish
57,18,c_choice,fish
57,18,trees,1
57,19,a_strength,1
57,19,b_strength,1
57,20,b_strength,3
57,20,b_choice,fish
57,21,c_strength,3
57,22,a_choice,trees
57,22,b_choice,trees
57,23,trees,1
57,24,trees,3
57,25,trees,2
57,26,b_choice,trees
57,27,a_choice,trees
57,28,b_choice,fish
57,29,b_choice,fish
57,29,c_choice,fish
57,30,a_choice,fish
57,30,c_choice,trees
57,31,a_choice,fish
57,31,b_choice,fish
57,32,b_choice,fish
57,32,c_choice,fish
57,33,c_strength,2
57,34,b_strength,2
57,35,c_strength,1
57,36,a_choice,fish
58,1,trees,1
58,2,trees,3
58,3,trees,1
58,4,trees,1
58,5,trees,1
58,6,trees,1
58,7,a_strength,3
58,8,b_strength,3
58,9,c_strength,3
58,10,b_strength,1
58,11,c_strength,3
58,12,a_choice,fish
58,13,a_choice,fish
58,14,b_choice,trees
58,15,c_choice,fish
58,16,b_choice,fish
58,17,c_choice,fish
58,18,a_choice,fish
58,18,c_choice,fish
58,18,trees,2
58,19,a_strength,3
58,19,b_strength,3
58,20,b_strength,3
58,20,b_choice,trees
58,21,c_strength,3
58,22,a_choice,fish
58,22,b_choice,fish
58,23,trees,1
58,24,trees,1
58,25,trees,1
58,26,b_choice,trees
58,27,a_choice,trees
58,28,b_choice,fish
58,29,b_choice,fish
58,29,c_choice,fish
58,30,a_choice,fish
58,30,c_choice,trees
58,31,a_choice,fish
58,31,b_choice,trees
58,32,b_choice,fish
58,32,c_choice,fish
58,33,c_strength,3
58,34,b_strength,2
58,35,c_strength,3
58,36,a_choice,trees
59,1,trees,1
59,2,trees,1
59,3,trees,3
59,4,trees,1
59,5,trees,1
59,6,trees,3
59,7,a_strength,3
59,8,b_strength,3
59,9,c_strength,2
59,10,b_strength,3
59,11,c_strength,3
59,12,a_choice,fish
59,13,a_choice,trees
59,14,b_choice,trees
59,15,c_choice,fish
59,16,b_choice,fish
59,17,c_choice,fish
59,18,a_choice,fish
59,18,c_choice,fish
59,18,trees,1
59,19,a_strength,2
59,19,b_strength,2
59,20,b_strength,3
59,20,b_choice,fish
59,21,c_strength,3
59,22,a_choice,fish
59,22,b_choice,trees
59,23,trees,2
59,24,trees,2
59,25,trees,1
59,26,b_choice,fish
59,27,a_choice,fish
59,28,b_choice,fish
59,29,b_choice,trees
59,29,c_choice,fish
59,30,a_choice,fish
59,30,c_choice,trees
59,31,a_choice,fish
59,31,b_choice,trees
59,32,b_choice,fish
59,32,c_choice,fish
59,33,c_strength,1
59,34,b_strength,3
59,35,c_strength,1
59,36,a_choice,trees
60,1,trees,3
60,2,trees,1
60,3,trees,1
60,4,trees,2
60,5,trees,1
60,6,trees,3
60,7,a_strength,1
60,8,b_strength,1
60,9,c_strength,1
60,10,b_strength,2
60,11,c_strength,2
60,12,a_choice,fish
60,13,a_choice,fish
60,14,b_choice,trees
60,15,c_choice,fish
60,16,b_choice,trees
60,17,c_choice,fish
60,18,a_choice,fish
60,18,c_choice,fish
60,18,trees,1
60,19,a_strength,2
60,19,b_strength,2
60,20,b_strength,3
60,20,b_choice,trees
60,21,c_strength,3
60,22,a_choice,fish
60,22,b_choice,trees
60,23,trees,1
60,24,trees,3
60,25,trees,1
60,26,b_choice,fish
60,27,a_choice,trees
60,28,b_choice,trees
60,29,b_choice,fish
60,29,c_choice,trees
60,30,a_choice,trees
60,30,c_choice,fish
60,31,a_choice,trees
60,31,b_choice,trees
60,32,b_choice,trees
60,32,c_choice,trees
60,33,c_strength,2
60,34,b_strength,3
60,35,c_strength,1
60,36,a_choice,fish
63,1,trees,1
63,2,trees,1
63,3,trees,3
63,4,trees,1
63,5,trees,2
63,6,trees,3
63,7,a_strength,3
63,8,b_strength,2
63,9,c_strength,1
63,10,b_strength,1
63,11,c_strength,3
63,12,a_choice,trees
63,13,a_choice,fish
63,14,b_choice,fish
63,15,c_choice,trees
63,16,b_choice,fish
63,17,c_choice,fish
63,18,a_choice,fish
63,18,c_choice,fish
63,18,trees,2
63,19,a_strength,2
63,19,b_strength,2
63,20,b_strength,3
63,20,b_choice,fish
63,21,c_strength,3
63,22,a_choice,fish
63,22,b_choice,trees
63,23,trees,2
63,24,trees,3
63,25,trees,2
63,26,b_choice,trees
63,27,a_choice,trees
63,28,b_choice,trees
63,29,b_choice,trees
63,29,c_choice,fish
63,30,a_choice,fish
63,30,c_choice,fish
63,31,a_choice,fish
63,31,b_choice,trees
63,32,b_choice,fish
63,32,c_choice,fish
63,33,c_strength,1
63,34,b_strength,2
63,35,c_strength,2
63,36,a_choice,trees
64,1,trees,2
64,2,trees,2
64,3,trees,3
64,4,trees,2
64,5,trees,3
64,6,trees,3
64,7,a_strength,1
64,8,b_strength,2
64,9,c_strength,2
64,10,b_strength,2
64,11,c_strength,1
64,12,a_choice,fish
64,13,a_choice,trees
64,14,b_choice,trees
64,15,c_choice,fish
64,16,b_choice,fish
64,17,c_choice,trees
64,18,a_choice,fish
64,18,c_choice,fish
64,18,trees,1
64,19,a_strength,2
64,19,b_strength,2
64,20,b_strength,3
64,20,b_choice,fish
64,21,c_strength,3
64,22,a_choice,fish
64,22,b_choice,fish
64,23,trees,1
64,24,trees,2
64,25,trees,1
64,26,b_choice,trees
64,27,a_choice,trees
64,28,b_choice,trees
64,29,b_choice,trees
64,29,c_choice,fish
64,30,a_choice,trees
64,30,c_choice,fish
64,31,a_choice,trees
64,31,b_choice,trees
64,32,b_choice,fish
64,32,c_choice,fish
64,33,c_strength,2
64,34,b_strength,3
64,35,c_strength,2
64,36,a_choice,trees
66,1,trees,1
66,2,trees,2
66,3,trees,3
66,4,trees,2
66,5,trees,2
66,6,trees,3
66,7,a_strength,3
66,8,b_strength,2
66,9,c_strength,1
66,10,b_strength,2
66,11,c_strength,3
66,12,a_choice,fish
66,13,a_choice,fish
66,14,b_choice,fish
66,15,c_choice,fish
66,16,b_choice,trees
66,17,c_choice,fish
66,18,a_choice,fish
66,18,c_choice,fish
66,18,trees,1
66,19,a_strength,2
66,19,b_strength,2
66,20,b_strength,3
66,20,b_choice,fish
66,21,c_strength,3
66,22,a_choice,fish
66,22,b_choice,fish
66,23,trees,3
66,24,trees,3
66,25,trees,1
66,26,b_choice,trees
66,27,a_choice,trees
66,28,b_choice,fish
66,29,b_choice,trees
66,29,c_choice,fish
66,30,a_choice,fish
66,30,c_choice,fish
66,31,a_choice,fish
66,31,b_choice,trees
66,32,b_choice,fish
66,32,c_choice,fish
66,33,c_strength,1
66,34,b_strength,2
66,35,c_strength,3
66,36,a_choice,trees
68,1,trees,1
68,2,trees,2
68,3,trees,3
68,4,trees,2
68,5,trees,1
68,6,trees,3
68,7,a_strength,3
68,8,b_strength,2
68,9,c_strength,1
68,10,b_strength,2
68,11,c_strength,3
68,12,a_choice,trees
68,13,a_choice,fish
68,14,b_choice,trees
68,15,c_choice,fish
68,16,b_choice,trees
68,17,c_choice,trees
68,18,a_choice,fish
68,18,c_choice,fish
68,18,trees,1
68,19,a_strength,2
68,19,b_strength,2
68,20,b_strength,3
68,20,b_choice,fish
68,21,c_strength,3
68,22,a_choice,fish
68,22,b_choice,fish
68,23,trees,1
68,24,trees,1
68,25,trees,1
68,26,b_choice,trees
68,27,a_choice,trees
68,28,b_choice,fish
68,29,b_choice,trees
68,29,c_choice,fish
68,30,a_choice,fish
68,30,c_choice,trees
68,31,a_choice,trees
68,31,b_choice,fish
68,32,b_choice,trees
68,32,c_choice,trees
68,33,c_strength,1
68,34,b_strength,3
68,35,c_strength,3
68,36,a_choice,fish
69,1,trees,1
69,2,trees,1
69,3,trees,3
69,4,trees,3
69,5,trees,3
69,6,trees,3
69,7,a_strength,2
69,8,b_strength,1
69,9,c_strength,2
69,10,b_strength,1
69,11,c_strength,2
69,12,a_choice,fish
69,13,a_choice,fish
69,14,b_choice,fish
69,15,c_choice,fish
69,16,b_choice,trees
69,17,c_choice,trees
69,18,a_choice,fish
69,18,c_choice,fish
69,18,trees,1
69,19,a_strength,2
69,19,b_strength,2
69,20,b_strength,3
69,20,b_choice,fish
69,21,c_strength,2
69,22,a_choice,fish
69,22,b_choice,fish
69,23,trees,3
69,24,trees,3
69,25,trees,3
69,26,b_choice,fish
69,27,a_choice,fish
69,28,b_choice,fish
69,29,b_choice,fish
69,29,c_choice,trees
69,30,a_choice,fish
69,30,c_choice,fish
69,31,a_choice,fish
69,31,b_choice,fish
69,32,b_choice,fish
69,32,c_choice,fish
69,33,c_strength,1
69,34,b_strength,2
69,35,c_strength,1
69,36,a_choice,trees
70,1,trees,1
70,2,trees,1
70,3,trees,3
70,4,trees,3
70,5,trees,3
70,6,trees,3
70,7,a_strength,1
70,8,b_strength,2
70,9,c_strength,1
70,10,b_strength,2
70,11,c_strength,3
70,12,a_choice,trees
70,13,a_choice,fish
70,14,b_choice,trees
70,15,c_choice,fish
70,16,b_choice,fish
70,17,c_choice,fish
70,18,a_choice,fish
70,18,c_choice,fish
70,18,trees,1
70,19,a_strength,2
70,19,b_strength,2
70,20,b_strength,3
70,20,b_choice,fish
70,21,c_strength,3
70,22,a_choice,fish
70,22,b_choice,fish
70,23,trees,3
70,24,trees,2
70,25,trees,1
70,26,b_choice,trees
70,27,a_choice,fish
70,28,b_choice,trees
70,29,b_choice,trees
70,29,c_choice,fish
70,30,a_choice,fish
70,30,c_choice,fish
70,31,a_choice,fish
70,31,b_choice,trees
70,32,b_choice,fish
70,32,c_choice,fish
70,33,c_strength,1
70,34,b_strength,3
70,35,c_strength,2
70,36,a_choice,trees
72,1,trees,2
72,2,trees,2
72,3,trees,3
72,4,trees,2
72,5,trees,2
72,6,trees,3
72,7,a_strength,1
72,8,b_strength,2
72,9,c_strength,1
72,10,b_strength,2
72,11,c_strength,1
72,12,a_choice,trees
72,13,a_choice,fish
72,14,b_choice,trees
72,15,c_choice,trees
72,16,b_choice,fish
72,17,c_choice,fish
72,18,a_choice,trees
72,18,c_choice,trees
72,18,trees,3
72,19,a_strength,2
72,19,b_strength,2
72,20,b_strength,3
72,20,b_choice,fish
72,21,c_strength,3
72,22,a_choice,fish
72,22,b_choice,fish
72,23,trees,3
72,24,trees,3
72,25,trees,3
72,26,b_choice,trees
72,27,a_choice,trees
72,28,b_choice,fish
72,29,b_choice,trees
72,29,c_choice,fish
72,30,a_choice,fish
72,30,c_choice,trees
72,31,a_choice,fish
72,31,b_choice,trees
72,32,b_choice,trees
72,32,c_choice,trees
72,33,c_strength,2
72,34,b_strength,2
72,35,c_strength,2
72,36,a_choice,trees
73,1,trees,1
73,2,trees,1
73,3,trees,3
73,4,trees,2
73,5,trees,3
73,6,trees,2
73,7,a_strength,2
73,8,b_strength,2
73,9,c_strength,2
73,10,b_strength,2
73,11,c_strength,3
73,12,a_choice,fish
73,13,a_choice,fish
73,14,b_choice,trees
73,15,c_choice,fish
73,16,b_choice,fish
73,17,c_choice,fish
73,18,a_choice,trees
73,18,c_choice,trees
73,18,trees,1
73,19,a_strength,2
73,19,b_strength,2
73,20,b_strength,3
73,20,b_choice,fish
73,21,c_strength,3
73,22,a_choice,fish
73,22,b_choice,fish
73,23,trees,2
73,24,trees,2
73,25,trees,2
73,26,b_choice,fish
73,27,a_choice,trees
73,28,b_choice,fish
73,29,b_choice,trees
73,29,c_choice,trees
73,30,a_choice,fish
73,30,c_choice,trees
73,31,a_choice,fish
73,31,b_choice,trees
73,32,b_choice,trees
73,32,c_choice,fish
73,33,c_strength,1
73,34,b_strength,3
73,35,c_strength,2
73,36,a_choice,fish
76,1,trees,2
76,2,trees,2
76,3,trees,3
76,4,trees,3
76,5,trees,3
76,6,trees,3
76,7,a_strength,3
76,8,b_strength,2
76,9,c_strength,2
76,10,b_strength,1
76,11,c_strength,3
76,12,a_choice,fish
76,13,a_choice,trees
76,14,b_choice,fish
76,15,c_choice,fish
76,16,b_choice,fish
76,17,c_choice,fish
76,18,a_choice,trees
76,18,c_choice,trees
76,18,trees,3
76,19,a_strength,3
76,19,b_strength,3
76,20,b_strength,3
76,20,b_choice,fish
76,21,c_strength,3
76,22,a_choice,fish
76,22,b_choice,fish
76,23,trees,1
76,24,trees,2
76,25,trees,2
76,26,b_choice,fish
76,27,a_choice,fish
76,28,b_choice,trees
76,29,b_choice,fish
76,29,c_choice,trees
76,30,a_choice,fish
76,30,c_choice,fish
76,31,a_choice,trees
76,31,b_choice,fish
76,32,b_choice,trees
76,32,c_choice,trees
76,33,c_strength,2
76,34,b_strength,1
76,35,c_strength,2
76,36,a_choice,fish
79,1,trees,1
79,2,trees,1
79,3,trees,3
79,4,trees,3
79,5,trees,1
79,6,trees,3
79,7,a_strength,1
79,8,b_strength,2
79,9,c_strength,1
79,10,b_strength,2
79,11,c_strength,2
79,12,a_choice,trees
79,13,a_choice,fish
79,14,b_choice,trees
79,15,c_choice,fish
79,16,b_choice,fish
79,17,c_choice,trees
79,18,a_choice,fish
79,18,c_choice,fish
79,18,trees,1
79,19,a_strength,2
79,19,b_strength,2
79,20,b_strength,3
79,20,b_choice,fish
79,21,c_strength,3
79,22,a_choice,trees
79,22,b_choice,trees
79,23,trees,2
79,24,trees,2
79,25,trees,1
79,26,b_choice,trees
79,27,a_choice,trees
79,28,b_choice,trees
79,29,b_choice,fish
79,29,c_choice,fish
79,30,a_choice,fish
79,30,c_choice,fish
79,31,a_choice,trees
79,31,b_choice,fish
79,32,b_choice,trees
79,32,c_choice,trees
79,33,c_strength,2
79,34,b_strength,3
79,35,c_strength,3
79,36,a_choice,trees
82,1,trees,1
82,2,trees,1
82,3,trees,3
82,4,trees,1
82,5,trees,1
82,6,trees,1
82,7,a_strength,1
82,8,b_strength,2
82,9,c_strength,1
82,10,b_strength,1
82,11,c_strength,3
82,12,a_choice,fish
82,13,a_choice,fish
82,14,b_choice,trees
82,15,c_choice,fish
82,16,b_choice,fish
82,17,c_choice,trees
82,18,a_choice,trees
82,18,c_choice,trees
82,18,trees,3
82,19,a_strength,1
82,19,b_strength,2
82,20,b_strength,1
82,20,b_choice,trees
82,21,c_strength,1
82,22,a_choice,trees
82,22,b_choice,trees
82,23,trees,3
82,24,trees,3
82,25,trees,1
82,26,b_choice,trees
82,27,a_choice,trees
82,28,b_choice,trees
82,29,b_choice,fish
82,29,c_choice,trees
82,30,a_choice,fish
82,30,c_choice,trees
82,31,a_choice,trees
82,31,b_choice,fish
82,32,b_choice,fish
82,32,c_choice,trees
82,33,c_strength,3
82,34,b_strength,1
82,35,c_strength,3
82,36,a_choice,fish
87,1,trees,3
87,2,trees,2
87,3,trees,3
87,4,trees,1
87,5,trees,1
87,6,trees,3
87,7,a_strength,3
87,8,b_strength,2
87,9,c_strength,1
87,10,b_strength,2
87,11,c_strength,3
87,12,a_choice,trees
87,13,a_choice,trees
87,14,b_choice,trees
87,15,c_choice,fish
87,16,b_choice,fish
87,17,c_choice,fish
87,18,a_choice,fish
87,18,c_choice,trees
87,18,trees,2
87,19,a_strength,1
87,19,b_strength,1
87,20,b_strength,3
87,20,b_choice,fish
87,21,c_strength,3
87,22,a_choice,fish
87,22,b_choice,fish
87,23,trees,1
87,24,trees,1
87,25,trees,1
87,26,b_choice,trees
87,27,a_choice,fish
87,28,b_choice,trees
87,29,b_choice,fish
87,29,c_choice,fish
87,30,a_choice,fish
87,30,c_choice,fish
87,31,a_choice,fish
87,31,b_choice,fish
87,32,b_choice,trees
87,32,c_choice,fish
87,33,c_strength,1
87,34,b_strength,3
87,35,c_strength,3
87,36,a_choice,trees
89,1,trees,1
89,2,trees,2
89,3,trees,3
89,4,trees,2
89,5,trees,2
89,6,trees,3
89,7,a_strength,1
89,8,b_strength,2
89,9,c_strength,1
89,10,b_strength,2
89,11,c_strength,1
89,12,a_choice,trees
89,13,a_choice,fish
89,14,b_choice,trees
89,15,c_choice,fish
89,16,b_choice,fish
89,17,c_choice,trees
89,18,a_choice,fish
89,18,c_choice,fish
89,18,trees,1
89,19,a_strength,2
89,19,b_strength,2
89,20,b_strength,3
89,20,b_choice,fish
89,21,c_strength,3
89,22,a_choice,fish
89,22,b_choice,trees
89,23,trees,1
89,24,trees,3
89,25,trees,1
89,26,b_choice,trees
89,27,a_choice,trees
89,28,b_choice,fish
89,29,b_choice,trees
89,29,c_choice,fish
89,30,a_choice,fish
89,30,c_choice,trees
89,31,a_choice,trees
89,31,b_choice,fish
89,32,b_choice,trees
89,32,c_choice,trees
89,33,c_strength,2
89,34,b_strength,3
89,35,c_strength,2
89,36,a_choice,trees
90,1,trees,1
90,2,trees,1
90,3,trees,3
90,4,trees,1
90,5,trees,1
90,6,trees,3
90,7,a_strength,1
90,8,b_strength,2
90,9,c_strength,1
90,10,b_strength,2
90,11,c_strength,3
90,12,a_choice,trees
90,13,a_choice,fish
90,14,b_choice,trees
90,15,c_choice,fish
90,16,b_choice,fish
90,17,c_choice,fish
90,18,a_choice,fish
90,18,c_choice,fish
90,18,trees,1
90,19,a_strength,2
90,19,b_strength,2
90,20,b_strength,3
90,20,b_choice,fish
90,21,c_strength,3
90,22,a_choice,fish
90,22,b_choice,trees
90,23,trees,2
90,24,trees,3
90,25,trees,1
90,26,b_choice,trees
90,27,a_choice,trees
90,28,b_choice,fish
90,29,b_choice,fish
90,29,c_choice,fish
90,30,a_choice,fish
90,30,c_choice,fish
90,31,a_choice,fish
90,31,b_choice,trees
90,32,b_choice,fish
90,32,c_choice,fish
90,33,c_strength,1
90,34,b_strength,2
90,35,c_strength,2
90,36,a_choice,trees
