"","sID","trial","trial_ix","A_strength","B_strength","C_strength","A_choice","B_choice","C_choice","trees","fish"
"1",1,1,"10","???","???","3","???","???","???","???","???"
"2",1,2,"35","???","???","???","fish","???","???","???","???"
"3",1,3,"28","???","???","???","???","fish","trees","???","???"
"4",1,4,"33","???","3","???","???","???","???","???","???"
"5",1,5,"1","???","???","???","???","???","???","1 tree","???"
"6",1,6,"16","???","???","???","???","???","trees","???","???"
"7",1,7,"17","???","???","???","trees","???","trees","2 trees","???"
"8",1,8,"22","???","???","???","???","???","???","3 trees","???"
"9",1,9,"18","1","2","???","???","???","???","???","???"
"10",1,10,"14","???","???","???","???","???","trees","???","???"
"11",1,11,"27","???","???","???","???","trees","???","???","???"
"12",1,12,"att1","???","???","???","???","???","???","???","4"
"13",1,13,"2","???","???","???","???","???","???","1 tree","???"
"14",1,14,"29","???","???","???","trees","???","fish","???","???"
"15",1,15,"0","???","???","???","???","???","???","1 tree","???"
"16",1,16,"23","???","???","???","???","???","???","3 trees","???"
"17",1,17,"30","???","???","???","trees","trees","???","???","???"
"18",1,18,"6","2","???","???","???","???","???","???","???"
"19",1,19,"15","???","???","???","???","trees","???","???","???"
"20",1,20,"4","???","???","???","???","???","???","3 trees","???"
"21",1,21,"24","???","???","???","???","???","???","3 trees","???"
"22",1,22,"13","???","???","???","???","trees","???","???","???"
"23",1,23,"8","???","???","1","???","???","???","???","???"
"24",1,24,"att2","???","???","???","???","???","???","???","0"
"25",1,25,"20","???","???","3","???","???","???","???","???"
"26",1,26,"12","???","???","???","fish","???","???","???","???"
"27",1,27,"21","???","???","???","trees","trees","???","???","???"
"28",1,28,"26","???","???","???","trees","???","???","???","???"
"29",1,29,"31","???","???","???","???","trees","trees","???","???"
"30",1,30,"11","???","???","???","fish","???","???","???","???"
"31",1,31,"25","???","???","???","???","trees","???","???","???"
"32",1,32,"3","???","???","???","???","???","???","3 trees","???"
"33",1,33,"32","???","???","3","???","???","???","???","???"
"34",1,34,"5","???","???","???","???","???","???","3 trees","???"
"35",1,35,"9","???","1","???","???","???","???","???","???"
"36",1,36,"34","???","???","1","???","???","???","???","???"
"37",1,37,"19","???","3","???","???","fish","???","???","???"
"38",1,38,"7","???","2","???","???","???","???","???","???"
"39",2,1,"29","???","???","???","trees","???","fish","???","???"
"40",2,2,"5","???","???","???","???","???","???","3 trees","???"
"41",2,3,"19","???","3","???","???","fish","???","???","???"
"42",2,4,"6","1","???","???","???","???","???","???","???"
"43",2,5,"18","2","2","???","???","???","???","???","???"
"44",2,6,"12","???","???","???","fish","???","???","???","???"
"45",2,7,"22","???","???","???","???","???","???","1 tree","???"
"46",2,8,"32","???","???","1","???","???","???","???","???"
"47",2,9,"3","???","???","???","???","???","???","2 trees","???"
"48",2,10,"24","???","???","???","???","???","???","1 tree","???"
"49",2,11,"25","???","???","???","???","trees","???","???","???"
"50",2,12,"att1","???","???","???","???","???","???","???","4"
"51",2,13,"26","???","???","???","fish","???","???","???","???"
"52",2,14,"0","???","???","???","???","???","???","1 tree","???"
"53",2,15,"30","???","???","???","trees","fish","???","???","???"
"54",2,16,"7","???","2","???","???","???","???","???","???"
"55",2,17,"1","???","???","???","???","???","???","1 tree","???"
"56",2,18,"35","???","???","???","trees","???","???","???","???"
"57",2,19,"8","???","???","3","???","???","???","???","???"
"58",2,20,"11","???","???","???","fish","???","???","???","???"
"59",2,21,"16","???","???","???","???","???","trees","???","???"
"60",2,22,"14","???","???","???","???","???","fish","???","???"
"61",2,23,"31","???","???","???","???","fish","fish","???","???"
"62",2,24,"att2","???","???","???","???","???","???","???","0"
"63",2,25,"23","???","???","???","???","???","???","2 trees","???"
"64",2,26,"28","???","???","???","???","trees","fish","???","???"
"65",2,27,"27","???","???","???","???","trees","???","???","???"
"66",2,28,"33","???","2","???","???","???","???","???","???"
"67",2,29,"4","???","???","???","???","???","???","2 trees","???"
"68",2,30,"10","???","???","3","???","???","???","???","???"
"69",2,31,"17","???","???","???","trees","???","trees","1 tree","???"
"70",2,32,"13","???","???","???","???","fish","???","???","???"
"71",2,33,"2","???","???","???","???","???","???","3 trees","???"
"72",2,34,"34","???","???","2","???","???","???","???","???"
"73",2,35,"9","???","2","???","???","???","???","???","???"
"74",2,36,"21","???","???","???","trees","fish","???","???","???"
"75",2,37,"15","???","???","???","???","fish","???","???","???"
"76",2,38,"20","???","???","3","???","???","???","???","???"
"77",3,1,NA,NA,NA,NA,NA,NA,NA,NA,NA
"78",3,2,NA,NA,NA,NA,NA,NA,NA,NA,NA
"79",3,3,NA,NA,NA,NA,NA,NA,NA,NA,NA
"80",3,4,NA,NA,NA,NA,NA,NA,NA,NA,NA
"81",3,5,NA,NA,NA,NA,NA,NA,NA,NA,NA
"82",3,6,NA,NA,NA,NA,NA,NA,NA,NA,NA
"83",3,7,NA,NA,NA,NA,NA,NA,NA,NA,NA
"84",3,8,NA,NA,NA,NA,NA,NA,NA,NA,NA
"85",3,9,NA,NA,NA,NA,NA,NA,NA,NA,NA
"86",3,10,NA,NA,NA,NA,NA,NA,NA,NA,NA
"87",3,11,NA,NA,NA,NA,NA,NA,NA,NA,NA
"88",3,12,NA,NA,NA,NA,NA,NA,NA,NA,NA
"89",3,13,NA,NA,NA,NA,NA,NA,NA,NA,NA
"90",3,14,NA,NA,NA,NA,NA,NA,NA,NA,NA
"91",3,15,NA,NA,NA,NA,NA,NA,NA,NA,NA
"92",3,16,NA,NA,NA,NA,NA,NA,NA,NA,NA
"93",3,17,NA,NA,NA,NA,NA,NA,NA,NA,NA
"94",3,18,NA,NA,NA,NA,NA,NA,NA,NA,NA
"95",3,19,NA,NA,NA,NA,NA,NA,NA,NA,NA
"96",3,20,NA,NA,NA,NA,NA,NA,NA,NA,NA
"97",3,21,NA,NA,NA,NA,NA,NA,NA,NA,NA
"98",3,22,NA,NA,NA,NA,NA,NA,NA,NA,NA
"99",3,23,NA,NA,NA,NA,NA,NA,NA,NA,NA
"100",3,24,NA,NA,NA,NA,NA,NA,NA,NA,NA
"101",3,25,NA,NA,NA,NA,NA,NA,NA,NA,NA
"102",3,26,NA,NA,NA,NA,NA,NA,NA,NA,NA
"103",3,27,NA,NA,NA,NA,NA,NA,NA,NA,NA
"104",3,28,NA,NA,NA,NA,NA,NA,NA,NA,NA
"105",3,29,NA,NA,NA,NA,NA,NA,NA,NA,NA
"106",3,30,NA,NA,NA,NA,NA,NA,NA,NA,NA
"107",3,31,NA,NA,NA,NA,NA,NA,NA,NA,NA
"108",3,32,NA,NA,NA,NA,NA,NA,NA,NA,NA
"109",3,33,NA,NA,NA,NA,NA,NA,NA,NA,NA
"110",3,34,NA,NA,NA,NA,NA,NA,NA,NA,NA
"111",3,35,NA,NA,NA,NA,NA,NA,NA,NA,NA
"112",3,36,NA,NA,NA,NA,NA,NA,NA,NA,NA
"113",3,37,NA,NA,NA,NA,NA,NA,NA,NA,NA
"114",3,38,NA,NA,NA,NA,NA,NA,NA,NA,NA
"115",4,1,"24","???","???","???","???","???","???","3 trees","???"
"116",4,2,"20","???","???","2","???","???","???","???","???"
"117",4,3,"10","???","???","2","???","???","???","???","???"
"118",4,4,"35","???","???","???","trees","???","???","???","???"
"119",4,5,"8","???","???","2","???","???","???","???","???"
"120",4,6,"22","???","???","???","???","???","???","3 trees","???"
"121",4,7,"11","???","???","???","trees","???","???","???","???"
"122",4,8,"0","???","???","???","???","???","???","2 trees","???"
"123",4,9,"18","1","2","???","???","???","???","???","???"
"124",4,10,"28","???","???","???","???","trees","fish","???","???"
"125",4,11,"9","???","2","???","???","???","???","???","???"
"126",4,12,"att1","???","???","???","???","???","???","???","4"
"127",4,13,"27","???","???","???","???","fish","???","???","???"
"128",4,14,"13","???","???","???","???","trees","???","???","???"
"129",4,15,"5","???","???","???","???","???","???","3 trees","???"
"130",4,16,"31","???","???","???","???","trees","fish","???","???"
"131",4,17,"26","???","???","???","trees","???","???","???","???"
"132",4,18,"23","???","???","???","???","???","???","2 trees","???"
"133",4,19,"21","???","???","???","fish","trees","???","???","???"
"134",4,20,"6","1","???","???","???","???","???","???","???"
"135",4,21,"17","???","???","???","trees","???","trees","1 tree","???"
"136",4,22,"2","???","???","???","???","???","???","3 trees","???"
"137",4,23,"32","???","???","1","???","???","???","???","???"
"138",4,24,"att2","???","???","???","???","???","???","???","6"
"139",4,25,"1","???","???","???","???","???","???","1 tree","???"
"140",4,26,"15","???","???","???","???","fish","???","???","???"
"141",4,27,"25","???","???","???","???","trees","???","???","???"
"142",4,28,"19","???","3","???","???","fish","???","???","???"
"143",4,29,"7","???","2","???","???","???","???","???","???"
"144",4,30,"33","???","2","???","???","???","???","???","???"
"145",4,31,"3","???","???","???","???","???","???","1 tree","???"
"146",4,32,"34","???","???","2","???","???","???","???","???"
"147",4,33,"16","???","???","???","???","???","fish","???","???"
"148",4,34,"4","???","???","???","???","???","???","1 tree","???"
"149",4,35,"29","???","???","???","fish","???","trees","???","???"
"150",4,36,"14","???","???","???","???","???","fish","???","???"
"151",4,37,"30","???","???","???","fish","trees","???","???","???"
"152",4,38,"12","???","???","???","fish","???","???","???","???"
"153",5,1,"27","???","???","???","???","fish","???","???","???"
"154",5,2,"8","???","???","2","???","???","???","???","???"
"155",5,3,"12","???","???","???","trees","???","???","???","???"
"156",5,4,"1","???","???","???","???","???","???","2 trees","???"
"157",5,5,"10","???","???","2","???","???","???","???","???"
"158",5,6,"31","???","???","???","???","fish","fish","???","???"
"159",5,7,"6","1","???","???","???","???","???","???","???"
"160",5,8,"4","???","???","???","???","???","???","3 trees","???"
"161",5,9,"15","???","???","???","???","fish","???","???","???"
"162",5,10,"7","???","1","???","???","???","???","???","???"
"163",5,11,"17","???","???","???","fish","???","fish","1 tree","???"
"164",5,12,"att1","???","???","???","???","???","???","???","4"
"165",5,13,"29","???","???","???","fish","???","fish","???","???"
"166",5,14,"2","???","???","???","???","???","???","3 trees","???"
"167",5,15,"35","???","???","???","fish","???","???","???","???"
"168",5,16,"30","???","???","???","fish","fish","???","???","???"
"169",5,17,"3","???","???","???","???","???","???","2 trees","???"
"170",5,18,"23","???","???","???","???","???","???","2 trees","???"
"171",5,19,"21","???","???","???","fish","fish","???","???","???"
"172",5,20,"19","???","3","???","???","fish","???","???","???"
"173",5,21,"13","???","???","???","???","fish","???","???","???"
"174",5,22,"18","1","2","???","???","???","???","???","???"
"175",5,23,"11","???","???","???","fish","???","???","???","???"
"176",5,24,"att2","???","???","???","???","???","???","???","8"
"177",5,25,"5","???","???","???","???","???","???","1 tree","???"
"178",5,26,"25","???","???","???","???","fish","???","???","???"
"179",5,27,"9","???","3","???","???","???","???","???","???"
"180",5,28,"28","???","???","???","???","fish","fish","???","???"
"181",5,29,"26","???","???","???","fish","???","???","???","???"
"182",5,30,"22","???","???","???","???","???","???","3 trees","???"
"183",5,31,"32","???","???","2","???","???","???","???","???"
"184",5,32,"0","???","???","???","???","???","???","2 trees","???"
"185",5,33,"20","???","???","3","???","???","???","???","???"
"186",5,34,"16","???","???","???","???","???","fish","???","???"
"187",5,35,"33","???","2","???","???","???","???","???","???"
"188",5,36,"24","???","???","???","???","???","???","2 trees","???"
"189",5,37,"14","???","???","???","???","???","fish","???","???"
"190",5,38,"34","???","???","2","???","???","???","???","???"
"191",6,1,"9","???","2","???","???","???","???","???","???"
"192",6,2,"23","???","???","???","???","???","???","1 tree","???"
"193",6,3,"21","???","???","???","fish","trees","???","???","???"
"194",6,4,"6","1","???","???","???","???","???","???","???"
"195",6,5,"34","???","???","2","???","???","???","???","???"
"196",6,6,"10","???","???","1","???","???","???","???","???"
"197",6,7,"5","???","???","???","???","???","???","3 trees","???"
"198",6,8,"8","???","???","1","???","???","???","???","???"
"199",6,9,"31","???","???","???","???","trees","trees","???","???"
"200",6,10,"27","???","???","???","???","trees","???","???","???"
"201",6,11,"35","???","???","???","fish","???","???","???","???"
"202",6,12,"att1","???","???","???","???","???","???","???","4"
"203",6,13,"26","???","???","???","trees","???","???","???","???"
"204",6,14,"25","???","???","???","???","trees","???","???","???"
"205",6,15,"2","???","???","???","???","???","???","3 trees","???"
"206",6,16,"0","???","???","???","???","???","???","1 tree","???"
"207",6,17,"14","???","???","???","???","???","fish","???","???"
"208",6,18,"33","???","2","???","???","???","???","???","???"
"209",6,19,"13","???","???","???","???","trees","???","???","???"
"210",6,20,"20","???","???","3","???","???","???","???","???"
"211",6,21,"3","???","???","???","???","???","???","2 trees","???"
"212",6,22,"29","???","???","???","fish","???","trees","???","???"
"213",6,23,"11","???","???","???","trees","???","???","???","???"
"214",6,24,"att2","???","???","???","???","???","???","???","0"
"215",6,25,"18","2","2","???","???","???","???","???","???"
"216",6,26,"16","???","???","???","???","???","trees","???","???"
"217",6,27,"28","???","???","???","???","fish","trees","???","???"
"218",6,28,"12","???","???","???","trees","???","???","???","???"
"219",6,29,"19","???","3","???","???","fish","???","???","???"
"220",6,30,"30","???","???","???","trees","fish","???","???","???"
"221",6,31,"15","???","???","???","???","trees","???","???","???"
"222",6,32,"24","???","???","???","???","???","???","1 tree","???"
"223",6,33,"7","???","2","???","???","???","???","???","???"
"224",6,34,"4","???","???","???","???","???","???","1 tree","???"
"225",6,35,"1","???","???","???","???","???","???","2 trees","???"
"226",6,36,"22","???","???","???","???","???","???","2 trees","???"
"227",6,37,"17","???","???","???","fish","???","fish","1 tree","???"
"228",6,38,"32","???","???","1","???","???","???","???","???"
"229",7,1,NA,NA,NA,NA,NA,NA,NA,NA,NA
"230",7,2,NA,NA,NA,NA,NA,NA,NA,NA,NA
"231",7,3,NA,NA,NA,NA,NA,NA,NA,NA,NA
"232",7,4,NA,NA,NA,NA,NA,NA,NA,NA,NA
"233",7,5,NA,NA,NA,NA,NA,NA,NA,NA,NA
"234",7,6,NA,NA,NA,NA,NA,NA,NA,NA,NA
"235",7,7,NA,NA,NA,NA,NA,NA,NA,NA,NA
"236",7,8,NA,NA,NA,NA,NA,NA,NA,NA,NA
"237",7,9,NA,NA,NA,NA,NA,NA,NA,NA,NA
"238",7,10,NA,NA,NA,NA,NA,NA,NA,NA,NA
"239",7,11,NA,NA,NA,NA,NA,NA,NA,NA,NA
"240",7,12,NA,NA,NA,NA,NA,NA,NA,NA,NA
"241",7,13,NA,NA,NA,NA,NA,NA,NA,NA,NA
"242",7,14,NA,NA,NA,NA,NA,NA,NA,NA,NA
"243",7,15,NA,NA,NA,NA,NA,NA,NA,NA,NA
"244",7,16,NA,NA,NA,NA,NA,NA,NA,NA,NA
"245",7,17,NA,NA,NA,NA,NA,NA,NA,NA,NA
"246",7,18,NA,NA,NA,NA,NA,NA,NA,NA,NA
"247",7,19,NA,NA,NA,NA,NA,NA,NA,NA,NA
"248",7,20,NA,NA,NA,NA,NA,NA,NA,NA,NA
"249",7,21,NA,NA,NA,NA,NA,NA,NA,NA,NA
"250",7,22,NA,NA,NA,NA,NA,NA,NA,NA,NA
"251",7,23,NA,NA,NA,NA,NA,NA,NA,NA,NA
"252",7,24,NA,NA,NA,NA,NA,NA,NA,NA,NA
"253",7,25,NA,NA,NA,NA,NA,NA,NA,NA,NA
"254",7,26,NA,NA,NA,NA,NA,NA,NA,NA,NA
"255",7,27,NA,NA,NA,NA,NA,NA,NA,NA,NA
"256",7,28,NA,NA,NA,NA,NA,NA,NA,NA,NA
"257",7,29,NA,NA,NA,NA,NA,NA,NA,NA,NA
"258",7,30,NA,NA,NA,NA,NA,NA,NA,NA,NA
"259",7,31,NA,NA,NA,NA,NA,NA,NA,NA,NA
"260",7,32,NA,NA,NA,NA,NA,NA,NA,NA,NA
"261",7,33,NA,NA,NA,NA,NA,NA,NA,NA,NA
"262",7,34,NA,NA,NA,NA,NA,NA,NA,NA,NA
"263",7,35,NA,NA,NA,NA,NA,NA,NA,NA,NA
"264",7,36,NA,NA,NA,NA,NA,NA,NA,NA,NA
"265",7,37,NA,NA,NA,NA,NA,NA,NA,NA,NA
"266",7,38,NA,NA,NA,NA,NA,NA,NA,NA,NA
"267",8,1,"14","???","???","???","???","???","fish","???","???"
"268",8,2,"18","1","2","???","???","???","???","???","???"
"269",8,3,"7","???","2","???","???","???","???","???","???"
"270",8,4,"12","???","???","???","trees","???","???","???","???"
"271",8,5,"15","???","???","???","???","trees","???","???","???"
"272",8,6,"29","???","???","???","fish","???","fish","???","???"
"273",8,7,"16","???","???","???","???","???","trees","???","???"
"274",8,8,"17","???","???","???","trees","???","fish","1 tree","???"
"275",8,9,"0","???","???","???","???","???","???","1 tree","???"
"276",8,10,"28","???","???","???","???","fish","fish","???","???"
"277",8,11,"13","???","???","???","???","fish","???","???","???"
"278",8,12,"att1","???","???","???","???","???","???","???","4"
"279",8,13,"31","???","???","???","???","trees","fish","???","???"
"280",8,14,"10","???","???","1","???","???","???","???","???"
"281",8,15,"22","???","???","???","???","???","???","3 trees","???"
"282",8,16,"6","1","???","???","???","???","???","???","???"
"283",8,17,"1","???","???","???","???","???","???","1 tree","???"
"284",8,18,"25","???","???","???","???","fish","???","???","???"
"285",8,19,"34","???","???","2","???","???","???","???","???"
"286",8,20,"8","???","???","1","???","???","???","???","???"
"287",8,21,"19","???","2","???","???","fish","???","???","???"
"288",8,22,"33","???","2","???","???","???","???","???","???"
"289",8,23,"35","???","???","???","fish","???","???","???","???"
"290",8,24,"att2","???","???","???","???","???","???","???","0"
"291",8,25,"5","???","???","???","???","???","???","3 trees","???"
"292",8,26,"3","???","???","???","???","???","???","3 trees","???"
"293",8,27,"23","???","???","???","???","???","???","3 trees","???"
"294",8,28,"32","???","???","2","???","???","???","???","???"
"295",8,29,"2","???","???","???","???","???","???","1 tree","???"
"296",8,30,"30","???","???","???","trees","fish","???","???","???"
"297",8,31,"24","???","???","???","???","???","???","1 tree","???"
"298",8,32,"4","???","???","???","???","???","???","1 tree","???"
"299",8,33,"21","???","???","???","trees","fish","???","???","???"
"300",8,34,"9","???","1","???","???","???","???","???","???"
"301",8,35,"27","???","???","???","???","fish","???","???","???"
"302",8,36,"26","???","???","???","trees","???","???","???","???"
"303",8,37,"11","???","???","???","trees","???","???","???","???"
"304",8,38,"20","???","???","3","???","???","???","???","???"
"305",9,1,"23","???","???","???","???","???","???","3 trees","???"
"306",9,2,"2","???","???","???","???","???","???","3 trees","???"
"307",9,3,"19","???","3","???","???","fish","???","???","???"
"308",9,4,"0","???","???","???","???","???","???","1 tree","???"
"309",9,5,"29","???","???","???","fish","???","trees","???","???"
"310",9,6,"21","???","???","???","fish","fish","???","???","???"
"311",9,7,"31","???","???","???","???","trees","trees","???","???"
"312",9,8,"32","???","???","2","???","???","???","???","???"
"313",9,9,"16","???","???","???","???","???","fish","???","???"
"314",9,10,"26","???","???","???","trees","???","???","???","???"
"315",9,11,"25","???","???","???","???","trees","???","???","???"
"316",9,12,"att1","???","???","???","???","???","???","???","4"
"317",9,13,"17","???","???","???","fish","???","fish","1 tree","???"
"318",9,14,"13","???","???","???","???","trees","???","???","???"
"319",9,15,"7","???","1","???","???","???","???","???","???"
"320",9,16,"14","???","???","???","???","???","fish","???","???"
"321",9,17,"35","???","???","???","trees","???","???","???","???"
"322",9,18,"6","3","???","???","???","???","???","???","???"
"323",9,19,"18","2","2","???","???","???","???","???","???"
"324",9,20,"15","???","???","???","???","fish","???","???","???"
"325",9,21,"3","???","???","???","???","???","???","1 tree","???"
"326",9,22,"1","???","???","???","???","???","???","1 tree","???"
"327",9,23,"5","???","???","???","???","???","???","3 trees","???"
"328",9,24,"att2","???","???","???","???","???","???","???","0"
"329",9,25,"24","???","???","???","???","???","???","1 tree","???"
"330",9,26,"30","???","???","???","fish","trees","???","???","???"
"331",9,27,"4","???","???","???","???","???","???","2 trees","???"
"332",9,28,"33","???","2","???","???","???","???","???","???"
"333",9,29,"27","???","???","???","???","fish","???","???","???"
"334",9,30,"12","???","???","???","fish","???","???","???","???"
"335",9,31,"8","???","???","3","???","???","???","???","???"
"336",9,32,"20","???","???","3","???","???","???","???","???"
"337",9,33,"34","???","???","2","???","???","???","???","???"
"338",9,34,"9","???","2","???","???","???","???","???","???"
"339",9,35,"28","???","???","???","???","trees","fish","???","???"
"340",9,36,"10","???","???","1","???","???","???","???","???"
"341",9,37,"22","???","???","???","???","???","???","1 tree","???"
"342",9,38,"11","???","???","???","trees","???","???","???","???"
"343",10,1,"6","1","???","???","???","???","???","???","???"
"344",10,2,"32","???","???","2","???","???","???","???","???"
"345",10,3,"4","???","???","???","???","???","???","3 trees","???"
"346",10,4,"10","???","???","1","???","???","???","???","???"
"347",10,5,"11","???","???","???","trees","???","???","???","???"
"348",10,6,"29","???","???","???","trees","???","fish","???","???"
"349",10,7,"12","???","???","???","trees","???","???","???","???"
"350",10,8,"14","???","???","???","???","???","trees","???","???"
"351",10,9,"13","???","???","???","???","fish","???","???","???"
"352",10,10,"0","???","???","???","???","???","???","3 trees","???"
"353",10,11,"5","???","???","???","???","???","???","3 trees","???"
"354",10,12,"att1","???","???","???","???","???","???","???","4"
"355",10,13,"22","???","???","???","???","???","???","3 trees","???"
"356",10,14,"20","???","???","3","???","???","???","???","???"
"357",10,15,"15","???","???","???","???","trees","???","???","???"
"358",10,16,"1","???","???","???","???","???","???","2 trees","???"
"359",10,17,"16","???","???","???","???","???","fish","???","???"
"360",10,18,"26","???","???","???","trees","???","???","???","???"
"361",10,19,"3","???","???","???","???","???","???","3 trees","???"
"362",10,20,"21","???","???","???","trees","trees","???","???","???"
"363",10,21,"24","???","???","???","???","???","???","3 trees","???"
"364",10,22,"8","???","???","1","???","???","???","???","???"
"365",10,23,"33","???","2","???","???","???","???","???","???"
"366",10,24,"att2","???","???","???","???","???","???","???","6"
"367",10,25,"30","???","???","???","trees","trees","???","???","???"
"368",10,26,"17","???","???","???","trees","???","trees","2 trees","???"
"369",10,27,"28","???","???","???","???","fish","trees","???","???"
"370",10,28,"25","???","???","???","???","fish","???","???","???"
"371",10,29,"23","???","???","???","???","???","???","3 trees","???"
"372",10,30,"9","???","2","???","???","???","???","???","???"
"373",10,31,"7","???","2","???","???","???","???","???","???"
"374",10,32,"31","???","???","???","???","trees","trees","???","???"
"375",10,33,"27","???","???","???","???","trees","???","???","???"
"376",10,34,"18","2","1","???","???","???","???","???","???"
"377",10,35,"34","???","???","2","???","???","???","???","???"
"378",10,36,"2","???","???","???","???","???","???","2 trees","???"
"379",10,37,"35","???","???","???","fish","???","???","???","???"
"380",10,38,"19","???","3","???","???","trees","???","???","???"
"381",11,1,"33","???","3","???","???","???","???","???","???"
"382",11,2,"19","???","3","???","???","fish","???","???","???"
"383",11,3,"18","1","1","???","???","???","???","???","???"
"384",11,4,"12","???","???","???","fish","???","???","???","???"
"385",11,5,"11","???","???","???","trees","???","???","???","???"
"386",11,6,"14","???","???","???","???","???","fish","???","???"
"387",11,7,"22","???","???","???","???","???","???","2 trees","???"
"388",11,8,"20","???","???","3","???","???","???","???","???"
"389",11,9,"17","???","???","???","fish","???","trees","2 trees","???"
"390",11,10,"3","???","???","???","???","???","???","1 tree","???"
"391",11,11,"7","???","1","???","???","???","???","???","???"
"392",11,12,"att1","???","???","???","???","???","???","???","4"
"393",11,13,"9","???","2","???","???","???","???","???","???"
"394",11,14,"23","???","???","???","???","???","???","3 trees","???"
"395",11,15,"27","???","???","???","???","fish","???","???","???"
"396",11,16,"2","???","???","???","???","???","???","3 trees","???"
"397",11,17,"10","???","???","2","???","???","???","???","???"
"398",11,18,"26","???","???","???","trees","???","???","???","???"
"399",11,19,"16","???","???","???","???","???","trees","???","???"
"400",11,20,"5","???","???","???","???","???","???","3 trees","???"
"401",11,21,"32","???","???","1","???","???","???","???","???"
"402",11,22,"28","???","???","???","???","trees","trees","???","???"
"403",11,23,"35","???","???","???","trees","???","???","???","???"
"404",11,24,"att2","???","???","???","???","???","???","???","0"
"405",11,25,"1","???","???","???","???","???","???","2 trees","???"
"406",11,26,"13","???","???","???","???","fish","???","???","???"
"407",11,27,"21","???","???","???","trees","fish","???","???","???"
"408",11,28,"4","???","???","???","???","???","???","1 tree","???"
"409",11,29,"0","???","???","???","???","???","???","1 tree","???"
"410",11,30,"8","???","???","1","???","???","???","???","???"
"411",11,31,"24","???","???","???","???","???","???","3 trees","???"
"412",11,32,"31","???","???","???","???","fish","fish","???","???"
"413",11,33,"29","???","???","???","fish","???","trees","???","???"
"414",11,34,"25","???","???","???","???","trees","???","???","???"
"415",11,35,"15","???","???","???","???","fish","???","???","???"
"416",11,36,"6","3","???","???","???","???","???","???","???"
"417",11,37,"34","???","???","2","???","???","???","???","???"
"418",11,38,"30","???","???","???","trees","fish","???","???","???"
"419",12,1,"11","???","???","???","trees","???","???","???","???"
"420",12,2,"2","???","???","???","???","???","???","1 tree","???"
"421",12,3,"13","???","???","???","???","fish","???","???","???"
"422",12,4,"33","???","2","???","???","???","???","???","???"
"423",12,5,"15","???","???","???","???","fish","???","???","???"
"424",12,6,"30","???","???","???","fish","trees","???","???","???"
"425",12,7,"18","1","1","???","???","???","???","???","???"
"426",12,8,"3","???","???","???","???","???","???","3 trees","???"
"427",12,9,"21","???","???","???","fish","trees","???","???","???"
"428",12,10,"12","???","???","???","trees","???","???","???","???"
"429",12,11,"31","???","???","???","???","trees","fish","???","???"
"430",12,12,"att1","???","???","???","???","???","???","???","4"
"431",12,13,"32","???","???","2","???","???","???","???","???"
"432",12,14,"26","???","???","???","fish","???","???","???","???"
"433",12,15,"28","???","???","???","???","fish","fish","???","???"
"434",12,16,"19","???","3","???","???","fish","???","???","???"
"435",12,17,"10","???","???","1","???","???","???","???","???"
"436",12,18,"24","???","???","???","???","???","???","1 tree","???"
"437",12,19,"1","???","???","???","???","???","???","1 tree","???"
"438",12,20,"9","???","1","???","???","???","???","???","???"
"439",12,21,"17","???","???","???","fish","???","fish","3 trees","???"
"440",12,22,"5","???","???","???","???","???","???","3 trees","???"
"441",12,23,"20","???","???","3","???","???","???","???","???"
"442",12,24,"att2","???","???","???","???","???","???","???","0"
"443",12,25,"27","???","???","???","???","trees","???","???","???"
"444",12,26,"8","???","???","1","???","???","???","???","???"
"445",12,27,"34","???","???","2","???","???","???","???","???"
"446",12,28,"7","???","2","???","???","???","???","???","???"
"447",12,29,"16","???","???","???","???","???","trees","???","???"
"448",12,30,"25","???","???","???","???","trees","???","???","???"
"449",12,31,"0","???","???","???","???","???","???","1 tree","???"
"450",12,32,"23","???","???","???","???","???","???","3 trees","???"
"451",12,33,"29","???","???","???","fish","???","trees","???","???"
"452",12,34,"22","???","???","???","???","???","???","3 trees","???"
"453",12,35,"6","1","???","???","???","???","???","???","???"
"454",12,36,"14","???","???","???","???","???","fish","???","???"
"455",12,37,"35","???","???","???","trees","???","???","???","???"
"456",12,38,"4","???","???","???","???","???","???","1 tree","???"
"457",13,1,"26","???","???","???","fish","???","???","???","???"
"458",13,2,"2","???","???","???","???","???","???","1 tree","???"
"459",13,3,"11","???","???","???","trees","???","???","???","???"
"460",13,4,"21","???","???","???","fish","fish","???","???","???"
"461",13,5,"24","???","???","???","???","???","???","1 tree","???"
"462",13,6,"16","???","???","???","???","???","fish","???","???"
"463",13,7,"30","???","???","???","fish","trees","???","???","???"
"464",13,8,"25","???","???","???","???","trees","???","???","???"
"465",13,9,"1","???","???","???","???","???","???","1 tree","???"
"466",13,10,"9","???","2","???","???","???","???","???","???"
"467",13,11,"18","2","2","???","???","???","???","???","???"
"468",13,12,"att1","???","???","???","???","???","???","???","4"
"469",13,13,"20","???","???","3","???","???","???","???","???"
"470",13,14,"31","???","???","???","???","fish","fish","???","???"
"471",13,15,"4","???","???","???","???","???","???","1 tree","???"
"472",13,16,"7","???","2","???","???","???","???","???","???"
"473",13,17,"13","???","???","???","???","fish","???","???","???"
"474",13,18,"15","???","???","???","???","trees","???","???","???"
"475",13,19,"3","???","???","???","???","???","???","1 tree","???"
"476",13,20,"27","???","???","???","???","fish","???","???","???"
"477",13,21,"35","???","???","???","fish","???","???","???","???"
"478",13,22,"34","???","???","3","???","???","???","???","???"
"479",13,23,"12","???","???","???","fish","???","???","???","???"
"480",13,24,"att2","???","???","???","???","???","???","???","6"
"481",13,25,"29","???","???","???","fish","???","fish","???","???"
"482",13,26,"22","???","???","???","???","???","???","1 tree","???"
"483",13,27,"8","???","???","1","???","???","???","???","???"
"484",13,28,"17","???","???","???","fish","???","fish","1 tree","???"
"485",13,29,"23","???","???","???","???","???","???","2 trees","???"
"486",13,30,"28","???","???","???","???","trees","fish","???","???"
"487",13,31,"14","???","???","???","???","???","trees","???","???"
"488",13,32,"32","???","???","1","???","???","???","???","???"
"489",13,33,"10","???","???","1","???","???","???","???","???"
"490",13,34,"0","???","???","???","???","???","???","1 tree","???"
"491",13,35,"5","???","???","???","???","???","???","3 trees","???"
"492",13,36,"19","???","3","???","???","fish","???","???","???"
"493",13,37,"33","???","3","???","???","???","???","???","???"
"494",13,38,"6","3","???","???","???","???","???","???","???"
"495",14,1,"11","???","???","???","fish","???","???","???","???"
"496",14,2,"26","???","???","???","fish","???","???","???","???"
"497",14,3,"7","???","2","???","???","???","???","???","???"
"498",14,4,"13","???","???","???","???","fish","???","???","???"
"499",14,5,"34","???","???","3","???","???","???","???","???"
"500",14,6,"29","???","???","???","fish","???","fish","???","???"
"501",14,7,"31","???","???","???","???","trees","fish","???","???"
"502",14,8,"0","???","???","???","???","???","???","1 tree","???"
"503",14,9,"12","???","???","???","trees","???","???","???","???"
"504",14,10,"16","???","???","???","???","???","fish","???","???"
"505",14,11,"2","???","???","???","???","???","???","2 trees","???"
"506",14,12,"att1","???","???","???","???","???","???","???","5"
"507",14,13,"4","???","???","???","???","???","???","1 tree","???"
"508",14,14,"9","???","3","???","???","???","???","???","???"
"509",14,15,"18","2","1","???","???","???","???","???","???"
"510",14,16,"5","???","???","???","???","???","???","2 trees","???"
"511",14,17,"8","???","???","3","???","???","???","???","???"
"512",14,18,"19","???","3","???","???","fish","???","???","???"
"513",14,19,"30","???","???","???","trees","fish","???","???","???"
"514",14,20,"27","???","???","???","???","trees","???","???","???"
"515",14,21,"17","???","???","???","trees","???","trees","2 trees","???"
"516",14,22,"14","???","???","???","???","???","trees","???","???"
"517",14,23,"1","???","???","???","???","???","???","3 trees","???"
"518",14,24,"att2","???","???","???","???","???","???","???","5"
"519",14,25,"35","???","???","???","fish","???","???","???","???"
"520",14,26,"23","???","???","???","???","???","???","2 trees","???"
"521",14,27,"21","???","???","???","fish","fish","???","???","???"
"522",14,28,"10","???","???","2","???","???","???","???","???"
"523",14,29,"22","???","???","???","???","???","???","2 trees","???"
"524",14,30,"3","???","???","???","???","???","???","1 tree","???"
"525",14,31,"32","???","???","2","???","???","???","???","???"
"526",14,32,"28","???","???","???","???","trees","fish","???","???"
"527",14,33,"25","???","???","???","???","trees","???","???","???"
"528",14,34,"33","???","2","???","???","???","???","???","???"
"529",14,35,"20","???","???","3","???","???","???","???","???"
"530",14,36,"6","3","???","???","???","???","???","???","???"
"531",14,37,"24","???","???","???","???","???","???","2 trees","???"
"532",14,38,"15","???","???","???","???","trees","???","???","???"
"533",15,1,"2","???","???","???","???","???","???","1 tree","???"
"534",15,2,"33","???","3","???","???","???","???","???","???"
"535",15,3,"5","???","???","???","???","???","???","1 tree","???"
"536",15,4,"9","???","1","???","???","???","???","???","???"
"537",15,5,"24","???","???","???","???","???","???","2 trees","???"
"538",15,6,"30","???","???","???","fish","fish","???","???","???"
"539",15,7,"0","???","???","???","???","???","???","2 trees","???"
"540",15,8,"3","???","???","???","???","???","???","2 trees","???"
"541",15,9,"10","???","???","2","???","???","???","???","???"
"542",15,10,"6","2","???","???","???","???","???","???","???"
"543",15,11,"11","???","???","???","fish","???","???","???","???"
"544",15,12,"att1","???","???","???","???","???","???","???","1"
"545",15,13,"19","???","2","???","???","fish","???","???","???"
"546",15,14,"31","???","???","???","???","fish","trees","???","???"
"547",15,15,"16","???","???","???","???","???","trees","???","???"
"548",15,16,"28","???","???","???","???","fish","fish","???","???"
"549",15,17,"15","???","???","???","???","trees","???","???","???"
"550",15,18,"23","???","???","???","???","???","???","1 tree","???"
"551",15,19,"25","???","???","???","???","fish","???","???","???"
"552",15,20,"20","???","???","2","???","???","???","???","???"
"553",15,21,"32","???","???","2","???","???","???","???","???"
"554",15,22,"1","???","???","???","???","???","???","3 trees","???"
"555",15,23,"26","???","???","???","trees","???","???","???","???"
"556",15,24,"att2","???","???","???","???","???","???","???","3"
"557",15,25,"29","???","???","???","trees","???","trees","???","???"
"558",15,26,"21","???","???","???","fish","fish","???","???","???"
"559",15,27,"7","???","2","???","???","???","???","???","???"
"560",15,28,"17","???","???","???","trees","???","fish","1 tree","???"
"561",15,29,"13","???","???","???","???","trees","???","???","???"
"562",15,30,"22","???","???","???","???","???","???","1 tree","???"
"563",15,31,"27","???","???","???","???","fish","???","???","???"
"564",15,32,"12","???","???","???","fish","???","???","???","???"
"565",15,33,"8","???","???","1","???","???","???","???","???"
"566",15,34,"14","???","???","???","???","???","fish","???","???"
"567",15,35,"34","???","???","2","???","???","???","???","???"
"568",15,36,"35","???","???","???","trees","???","???","???","???"
"569",15,37,"18","1","3","???","???","???","???","???","???"
"570",15,38,"4","???","???","???","???","???","???","2 trees","???"
"571",16,1,"8","???","???","2","???","???","???","???","???"
"572",16,2,"15","???","???","???","???","fish","???","???","???"
"573",16,3,"30","???","???","???","fish","trees","???","???","???"
"574",16,4,"6","2","???","???","???","???","???","???","???"
"575",16,5,"29","???","???","???","fish","???","trees","???","???"
"576",16,6,"3","???","???","???","???","???","???","1 tree","???"
"577",16,7,"16","???","???","???","???","???","trees","???","???"
"578",16,8,"12","???","???","???","fish","???","???","???","???"
"579",16,9,"9","???","3","???","???","???","???","???","???"
"580",16,10,"14","???","???","???","???","???","trees","???","???"
"581",16,11,"18","2","3","???","???","???","???","???","???"
"582",16,12,"att1","???","???","???","???","???","???","???","9"
"583",16,13,"0","???","???","???","???","???","???","2 trees","???"
"584",16,14,"34","???","???","2","???","???","???","???","???"
"585",16,15,"13","???","???","???","???","fish","???","???","???"
"586",16,16,"35","???","???","???","trees","???","???","???","???"
"587",16,17,"23","???","???","???","???","???","???","3 trees","???"
"588",16,18,"32","???","???","3","???","???","???","???","???"
"589",16,19,"7","???","2","???","???","???","???","???","???"
"590",16,20,"1","???","???","???","???","???","???","2 trees","???"
"591",16,21,"2","???","???","???","???","???","???","1 tree","???"
"592",16,22,"25","???","???","???","???","fish","???","???","???"
"593",16,23,"20","???","???","2","???","???","???","???","???"
"594",16,24,"att2","???","???","???","???","???","???","???","9"
"595",16,25,"22","???","???","???","???","???","???","1 tree","???"
"596",16,26,"11","???","???","???","fish","???","???","???","???"
"597",16,27,"4","???","???","???","???","???","???","2 trees","???"
"598",16,28,"26","???","???","???","trees","???","???","???","???"
"599",16,29,"27","???","???","???","???","fish","???","???","???"
"600",16,30,"19","???","1","???","???","fish","???","???","???"
"601",16,31,"17","???","???","???","trees","???","fish","3 trees","???"
"602",16,32,"10","???","???","2","???","???","???","???","???"
"603",16,33,"21","???","???","???","trees","trees","???","???","???"
"604",16,34,"33","???","3","???","???","???","???","???","???"
"605",16,35,"24","???","???","???","???","???","???","2 trees","???"
"606",16,36,"31","???","???","???","???","fish","trees","???","???"
"607",16,37,"28","???","???","???","???","trees","fish","???","???"
"608",16,38,"5","???","???","???","???","???","???","1 tree","???"
"609",17,1,"25","???","???","???","???","trees","???","???","???"
"610",17,2,"4","???","???","???","???","???","???","2 trees","???"
"611",17,3,"10","???","???","2","???","???","???","???","???"
"612",17,4,"14","???","???","???","???","???","fish","???","???"
"613",17,5,"21","???","???","???","fish","fish","???","???","???"
"614",17,6,"23","???","???","???","???","???","???","3 trees","???"
"615",17,7,"32","???","???","2","???","???","???","???","???"
"616",17,8,"5","???","???","???","???","???","???","3 trees","???"
"617",17,9,"7","???","2","???","???","???","???","???","???"
"618",17,10,"29","???","???","???","fish","???","trees","???","???"
"619",17,11,"28","???","???","???","???","trees","fish","???","???"
"620",17,12,"att1","???","???","???","???","???","???","???","4"
"621",17,13,"22","???","???","???","???","???","???","1 tree","???"
"622",17,14,"6","3","???","???","???","???","???","???","???"
"623",17,15,"2","???","???","???","???","???","???","3 trees","???"
"624",17,16,"15","???","???","???","???","fish","???","???","???"
"625",17,17,"16","???","???","???","???","???","trees","???","???"
"626",17,18,"17","???","???","???","trees","???","trees","3 trees","???"
"627",17,19,"31","???","???","???","???","fish","fish","???","???"
"628",17,20,"35","???","???","???","trees","???","???","???","???"
"629",17,21,"19","???","3","???","???","fish","???","???","???"
"630",17,22,"26","???","???","???","trees","???","???","???","???"
"631",17,23,"30","???","???","???","trees","fish","???","???","???"
"632",17,24,"att2","???","???","???","???","???","???","???","6"
"633",17,25,"8","???","???","1","???","???","???","???","???"
"634",17,26,"24","???","???","???","???","???","???","1 tree","???"
"635",17,27,"12","???","???","???","fish","???","???","???","???"
"636",17,28,"13","???","???","???","???","fish","???","???","???"
"637",17,29,"1","???","???","???","???","???","???","1 tree","???"
"638",17,30,"18","2","2","???","???","???","???","???","???"
"639",17,31,"27","???","???","???","???","fish","???","???","???"
"640",17,32,"3","???","???","???","???","???","???","2 trees","???"
"641",17,33,"20","???","???","3","???","???","???","???","???"
"642",17,34,"9","???","2","???","???","???","???","???","???"
"643",17,35,"34","???","???","3","???","???","???","???","???"
"644",17,36,"0","???","???","???","???","???","???","1 tree","???"
"645",17,37,"33","???","3","???","???","???","???","???","???"
"646",17,38,"11","???","???","???","trees","???","???","???","???"
"647",18,1,"14","???","???","???","???","???","trees","???","???"
"648",18,2,"27","???","???","???","???","fish","???","???","???"
"649",18,3,"2","???","???","???","???","???","???","1 tree","???"
"650",18,4,"5","???","???","???","???","???","???","2 trees","???"
"651",18,5,"20","???","???","3","???","???","???","???","???"
"652",18,6,"34","???","???","2","???","???","???","???","???"
"653",18,7,"17","???","???","???","trees","???","trees","1 tree","???"
"654",18,8,"29","???","???","???","fish","???","fish","???","???"
"655",18,9,"31","???","???","???","???","fish","fish","???","???"
"656",18,10,"30","???","???","???","fish","trees","???","???","???"
"657",18,11,"12","???","???","???","fish","???","???","???","???"
"658",18,12,"att1","???","???","???","???","???","???","???","4"
"659",18,13,"0","???","???","???","???","???","???","1 tree","???"
"660",18,14,"23","???","???","???","???","???","???","3 trees","???"
"661",18,15,"8","???","???","3","???","???","???","???","???"
"662",18,16,"28","???","???","???","???","trees","fish","???","???"
"663",18,17,"25","???","???","???","???","trees","???","???","???"
"664",18,18,"9","???","1","???","???","???","???","???","???"
"665",18,19,"21","???","???","???","fish","trees","???","???","???"
"666",18,20,"7","???","1","???","???","???","???","???","???"
"667",18,21,"19","???","3","???","???","fish","???","???","???"
"668",18,22,"22","???","???","???","???","???","???","3 trees","???"
"669",18,23,"16","???","???","???","???","???","fish","???","???"
"670",18,24,"att2","???","???","???","???","???","???","???","0"
"671",18,25,"18","1","1","???","???","???","???","???","???"
"672",18,26,"15","???","???","???","???","fish","???","???","???"
"673",18,27,"4","???","???","???","???","???","???","3 trees","???"
"674",18,28,"26","???","???","???","fish","???","???","???","???"
"675",18,29,"10","???","???","3","???","???","???","???","???"
"676",18,30,"32","???","???","1","???","???","???","???","???"
"677",18,31,"11","???","???","???","fish","???","???","???","???"
"678",18,32,"24","???","???","???","???","???","???","3 trees","???"
"679",18,33,"6","2","???","???","???","???","???","???","???"
"680",18,34,"1","???","???","???","???","???","???","2 trees","???"
"681",18,35,"3","???","???","???","???","???","???","3 trees","???"
"682",18,36,"33","???","3","???","???","???","???","???","???"
"683",18,37,"13","???","???","???","???","fish","???","???","???"
"684",18,38,"35","???","???","???","fish","???","???","???","???"
"685",19,1,"9","???","2","???","???","???","???","???","???"
"686",19,2,"13","???","???","???","???","fish","???","???","???"
"687",19,3,"31","???","???","???","???","trees","trees","???","???"
"688",19,4,"10","???","???","3","???","???","???","???","???"
"689",19,5,"29","???","???","???","trees","???","fish","???","???"
"690",19,6,"14","???","???","???","???","???","trees","???","???"
"691",19,7,"25","???","???","???","???","fish","???","???","???"
"692",19,8,"17","???","???","???","fish","???","fish","2 trees","???"
"693",19,9,"16","???","???","???","???","???","fish","???","???"
"694",19,10,"11","???","???","???","trees","???","???","???","???"
"695",19,11,"34","???","???","2","???","???","???","???","???"
"696",19,12,"att1","???","???","???","???","???","???","???","4"
"697",19,13,"32","???","???","1","???","???","???","???","???"
"698",19,14,"30","???","???","???","trees","trees","???","???","???"
"699",19,15,"26","???","???","???","trees","???","???","???","???"
"700",19,16,"15","???","???","???","???","trees","???","???","???"
"701",19,17,"8","???","???","3","???","???","???","???","???"
"702",19,18,"2","???","???","???","???","???","???","3 trees","???"
"703",19,19,"4","???","???","???","???","???","???","3 trees","???"
"704",19,20,"18","2","2","???","???","???","???","???","???"
"705",19,21,"27","???","???","???","???","trees","???","???","???"
"706",19,22,"20","???","???","3","???","???","???","???","???"
"707",19,23,"0","???","???","???","???","???","???","1 tree","???"
"708",19,24,"att2","???","???","???","???","???","???","???","0"
"709",19,25,"22","???","???","???","???","???","???","1 tree","???"
"710",19,26,"1","???","???","???","???","???","???","3 trees","???"
"711",19,27,"3","???","???","???","???","???","???","2 trees","???"
"712",19,28,"24","???","???","???","???","???","???","2 trees","???"
"713",19,29,"28","???","???","???","???","fish","trees","???","???"
"714",19,30,"21","???","???","???","fish","trees","???","???","???"
"715",19,31,"19","???","3","???","???","trees","???","???","???"
"716",19,32,"5","???","???","???","???","???","???","1 tree","???"
"717",19,33,"33","???","3","???","???","???","???","???","???"
"718",19,34,"23","???","???","???","???","???","???","2 trees","???"
"719",19,35,"7","???","2","???","???","???","???","???","???"
"720",19,36,"12","???","???","???","fish","???","???","???","???"
"721",19,37,"35","???","???","???","fish","???","???","???","???"
"722",19,38,"6","3","???","???","???","???","???","???","???"
"723",20,1,"5","???","???","???","???","???","???","3 trees","???"
"724",20,2,"24","???","???","???","???","???","???","2 trees","???"
"725",20,3,"6","3","???","???","???","???","???","???","???"
"726",20,4,"31","???","???","???","???","fish","fish","???","???"
"727",20,5,"7","???","2","???","???","???","???","???","???"
"728",20,6,"25","???","???","???","???","trees","???","???","???"
"729",20,7,"9","???","1","???","???","???","???","???","???"
"730",20,8,"22","???","???","???","???","???","???","3 trees","???"
"731",20,9,"4","???","???","???","???","???","???","3 trees","???"
"732",20,10,"16","???","???","???","???","???","fish","???","???"
"733",20,11,"0","???","???","???","???","???","???","1 tree","???"
"734",20,12,"att1","???","???","???","???","???","???","???","4"
"735",20,13,"18","1","2","???","???","???","???","???","???"
"736",20,14,"26","???","???","???","fish","???","???","???","???"
"737",20,15,"29","???","???","???","fish","???","trees","???","???"
"738",20,16,"30","???","???","???","fish","trees","???","???","???"
"739",20,17,"19","???","3","???","???","fish","???","???","???"
"740",20,18,"35","???","???","???","trees","???","???","???","???"
"741",20,19,"27","???","???","???","???","trees","???","???","???"
"742",20,20,"32","???","???","2","???","???","???","???","???"
"743",20,21,"14","???","???","???","???","???","fish","???","???"
"744",20,22,"20","???","???","3","???","???","???","???","???"
"745",20,23,"33","???","3","???","???","???","???","???","???"
"746",20,24,"att2","???","???","???","???","???","???","???","0"
"747",20,25,"21","???","???","???","fish","trees","???","???","???"
"748",20,26,"28","???","???","???","???","trees","fish","???","???"
"749",20,27,"17","???","???","???","fish","???","fish","1 tree","???"
"750",20,28,"1","???","???","???","???","???","???","1 tree","???"
"751",20,29,"2","???","???","???","???","???","???","3 trees","???"
"752",20,30,"10","???","???","3","???","???","???","???","???"
"753",20,31,"34","???","???","2","???","???","???","???","???"
"754",20,32,"8","???","???","1","???","???","???","???","???"
"755",20,33,"3","???","???","???","???","???","???","1 tree","???"
"756",20,34,"13","???","???","???","???","trees","???","???","???"
"757",20,35,"15","???","???","???","???","fish","???","???","???"
"758",20,36,"11","???","???","???","trees","???","???","???","???"
"759",20,37,"12","???","???","???","fish","???","???","???","???"
"760",20,38,"23","???","???","???","???","???","???","3 trees","???"
"761",21,1,"15","???","???","???","???","fish","???","???","???"
"762",21,2,"19","???","3","???","???","fish","???","???","???"
"763",21,3,"22","???","???","???","???","???","???","3 trees","???"
"764",21,4,"24","???","???","???","???","???","???","3 trees","???"
"765",21,5,"13","???","???","???","???","fish","???","???","???"
"766",21,6,"9","???","1","???","???","???","???","???","???"
"767",21,7,"6","1","???","???","???","???","???","???","???"
"768",21,8,"17","???","???","???","fish","???","trees","3 trees","???"
"769",21,9,"35","???","???","???","fish","???","???","???","???"
"770",21,10,"14","???","???","???","???","???","trees","???","???"
"771",21,11,"16","???","???","???","???","???","fish","???","???"
"772",21,12,"att1","???","???","???","???","???","???","???","4"
"773",21,13,"8","???","???","2","???","???","???","???","???"
"774",21,14,"0","???","???","???","???","???","???","3 trees","???"
"775",21,15,"25","???","???","???","???","trees","???","???","???"
"776",21,16,"4","???","???","???","???","???","???","3 trees","???"
"777",21,17,"33","???","3","???","???","???","???","???","???"
"778",21,18,"21","???","???","???","trees","trees","???","???","???"
"779",21,19,"10","???","???","1","???","???","???","???","???"
"780",21,20,"1","???","???","???","???","???","???","3 trees","???"
"781",21,21,"5","???","???","???","???","???","???","2 trees","???"
"782",21,22,"12","???","???","???","fish","???","???","???","???"
"783",21,23,"3","???","???","???","???","???","???","2 trees","???"
"784",21,24,"att2","???","???","???","???","???","???","???","0"
"785",21,25,"30","???","???","???","trees","trees","???","???","???"
"786",21,26,"26","???","???","???","trees","???","???","???","???"
"787",21,27,"34","???","???","2","???","???","???","???","???"
"788",21,28,"23","???","???","???","???","???","???","3 trees","???"
"789",21,29,"27","???","???","???","???","trees","???","???","???"
"790",21,30,"28","???","???","???","???","fish","trees","???","???"
"791",21,31,"2","???","???","???","???","???","???","3 trees","???"
"792",21,32,"29","???","???","???","trees","???","fish","???","???"
"793",21,33,"31","???","???","???","???","trees","trees","???","???"
"794",21,34,"20","???","???","3","???","???","???","???","???"
"795",21,35,"18","2","1","???","???","???","???","???","???"
"796",21,36,"11","???","???","???","trees","???","???","???","???"
"797",21,37,"7","???","1","???","???","???","???","???","???"
"798",21,38,"32","???","???","3","???","???","???","???","???"
"799",22,1,NA,NA,NA,NA,NA,NA,NA,NA,NA
"800",22,2,NA,NA,NA,NA,NA,NA,NA,NA,NA
"801",22,3,NA,NA,NA,NA,NA,NA,NA,NA,NA
"802",22,4,NA,NA,NA,NA,NA,NA,NA,NA,NA
"803",22,5,NA,NA,NA,NA,NA,NA,NA,NA,NA
"804",22,6,NA,NA,NA,NA,NA,NA,NA,NA,NA
"805",22,7,NA,NA,NA,NA,NA,NA,NA,NA,NA
"806",22,8,NA,NA,NA,NA,NA,NA,NA,NA,NA
"807",22,9,NA,NA,NA,NA,NA,NA,NA,NA,NA
"808",22,10,NA,NA,NA,NA,NA,NA,NA,NA,NA
"809",22,11,NA,NA,NA,NA,NA,NA,NA,NA,NA
"810",22,12,NA,NA,NA,NA,NA,NA,NA,NA,NA
"811",22,13,NA,NA,NA,NA,NA,NA,NA,NA,NA
"812",22,14,NA,NA,NA,NA,NA,NA,NA,NA,NA
"813",22,15,NA,NA,NA,NA,NA,NA,NA,NA,NA
"814",22,16,NA,NA,NA,NA,NA,NA,NA,NA,NA
"815",22,17,NA,NA,NA,NA,NA,NA,NA,NA,NA
"816",22,18,NA,NA,NA,NA,NA,NA,NA,NA,NA
"817",22,19,NA,NA,NA,NA,NA,NA,NA,NA,NA
"818",22,20,NA,NA,NA,NA,NA,NA,NA,NA,NA
"819",22,21,NA,NA,NA,NA,NA,NA,NA,NA,NA
"820",22,22,NA,NA,NA,NA,NA,NA,NA,NA,NA
"821",22,23,NA,NA,NA,NA,NA,NA,NA,NA,NA
"822",22,24,NA,NA,NA,NA,NA,NA,NA,NA,NA
"823",22,25,NA,NA,NA,NA,NA,NA,NA,NA,NA
"824",22,26,NA,NA,NA,NA,NA,NA,NA,NA,NA
"825",22,27,NA,NA,NA,NA,NA,NA,NA,NA,NA
"826",22,28,NA,NA,NA,NA,NA,NA,NA,NA,NA
"827",22,29,NA,NA,NA,NA,NA,NA,NA,NA,NA
"828",22,30,NA,NA,NA,NA,NA,NA,NA,NA,NA
"829",22,31,NA,NA,NA,NA,NA,NA,NA,NA,NA
"830",22,32,NA,NA,NA,NA,NA,NA,NA,NA,NA
"831",22,33,NA,NA,NA,NA,NA,NA,NA,NA,NA
"832",22,34,NA,NA,NA,NA,NA,NA,NA,NA,NA
"833",22,35,NA,NA,NA,NA,NA,NA,NA,NA,NA
"834",22,36,NA,NA,NA,NA,NA,NA,NA,NA,NA
"835",22,37,NA,NA,NA,NA,NA,NA,NA,NA,NA
"836",22,38,NA,NA,NA,NA,NA,NA,NA,NA,NA
"837",23,1,"8","???","???","2","???","???","???","???","???"
"838",23,2,"16","???","???","???","???","???","fish","???","???"
"839",23,3,"6","3","???","???","???","???","???","???","???"
"840",23,4,"9","???","2","???","???","???","???","???","???"
"841",23,5,"18","2","2","???","???","???","???","???","???"
"842",23,6,"22","???","???","???","???","???","???","1 tree","???"
"843",23,7,"1","???","???","???","???","???","???","2 trees","???"
"844",23,8,"34","???","???","3","???","???","???","???","???"
"845",23,9,"35","???","???","???","trees","???","???","???","???"
"846",23,10,"2","???","???","???","???","???","???","3 trees","???"
"847",23,11,"10","???","???","1","???","???","???","???","???"
"848",23,12,"att1","???","???","???","???","???","???","???","4"
"849",23,13,"28","???","???","???","???","trees","fish","???","???"
"850",23,14,"26","???","???","???","fish","???","???","???","???"
"851",23,15,"29","???","???","???","fish","???","trees","???","???"
"852",23,16,"23","???","???","???","???","???","???","3 trees","???"
"853",23,17,"0","???","???","???","???","???","???","1 tree","???"
"854",23,18,"12","???","???","???","fish","???","???","???","???"
"855",23,19,"3","???","???","???","???","???","???","1 tree","???"
"856",23,20,"7","???","2","???","???","???","???","???","???"
"857",23,21,"27","???","???","???","???","fish","???","???","???"
"858",23,22,"30","???","???","???","fish","trees","???","???","???"
"859",23,23,"20","???","???","3","???","???","???","???","???"
"860",23,24,"att2","???","???","???","???","???","???","???","6"
"861",23,25,"14","???","???","???","???","???","fish","???","???"
"862",23,26,"13","???","???","???","???","trees","???","???","???"
"863",23,27,"17","???","???","???","fish","???","fish","1 tree","???"
"864",23,28,"11","???","???","???","trees","???","???","???","???"
"865",23,29,"21","???","???","???","trees","trees","???","???","???"
"866",23,30,"4","???","???","???","???","???","???","1 tree","???"
"867",23,31,"25","???","???","???","???","trees","???","???","???"
"868",23,32,"33","???","3","???","???","???","???","???","???"
"869",23,33,"24","???","???","???","???","???","???","1 tree","???"
"870",23,34,"15","???","???","???","???","fish","???","???","???"
"871",23,35,"5","???","???","???","???","???","???","3 trees","???"
"872",23,36,"32","???","???","2","???","???","???","???","???"
"873",23,37,"31","???","???","???","???","fish","fish","???","???"
"874",23,38,"19","???","3","???","???","fish","???","???","???"
"875",24,1,NA,NA,NA,NA,NA,NA,NA,NA,NA
"876",24,2,NA,NA,NA,NA,NA,NA,NA,NA,NA
"877",24,3,NA,NA,NA,NA,NA,NA,NA,NA,NA
"878",24,4,NA,NA,NA,NA,NA,NA,NA,NA,NA
"879",24,5,NA,NA,NA,NA,NA,NA,NA,NA,NA
"880",24,6,NA,NA,NA,NA,NA,NA,NA,NA,NA
"881",24,7,NA,NA,NA,NA,NA,NA,NA,NA,NA
"882",24,8,NA,NA,NA,NA,NA,NA,NA,NA,NA
"883",24,9,NA,NA,NA,NA,NA,NA,NA,NA,NA
"884",24,10,NA,NA,NA,NA,NA,NA,NA,NA,NA
"885",24,11,NA,NA,NA,NA,NA,NA,NA,NA,NA
"886",24,12,NA,NA,NA,NA,NA,NA,NA,NA,NA
"887",24,13,NA,NA,NA,NA,NA,NA,NA,NA,NA
"888",24,14,NA,NA,NA,NA,NA,NA,NA,NA,NA
"889",24,15,NA,NA,NA,NA,NA,NA,NA,NA,NA
"890",24,16,NA,NA,NA,NA,NA,NA,NA,NA,NA
"891",24,17,NA,NA,NA,NA,NA,NA,NA,NA,NA
"892",24,18,NA,NA,NA,NA,NA,NA,NA,NA,NA
"893",24,19,NA,NA,NA,NA,NA,NA,NA,NA,NA
"894",24,20,NA,NA,NA,NA,NA,NA,NA,NA,NA
"895",24,21,NA,NA,NA,NA,NA,NA,NA,NA,NA
"896",24,22,NA,NA,NA,NA,NA,NA,NA,NA,NA
"897",24,23,NA,NA,NA,NA,NA,NA,NA,NA,NA
"898",24,24,NA,NA,NA,NA,NA,NA,NA,NA,NA
"899",24,25,NA,NA,NA,NA,NA,NA,NA,NA,NA
"900",24,26,NA,NA,NA,NA,NA,NA,NA,NA,NA
"901",24,27,NA,NA,NA,NA,NA,NA,NA,NA,NA
"902",24,28,NA,NA,NA,NA,NA,NA,NA,NA,NA
"903",24,29,NA,NA,NA,NA,NA,NA,NA,NA,NA
"904",24,30,NA,NA,NA,NA,NA,NA,NA,NA,NA
"905",24,31,NA,NA,NA,NA,NA,NA,NA,NA,NA
"906",24,32,NA,NA,NA,NA,NA,NA,NA,NA,NA
"907",24,33,NA,NA,NA,NA,NA,NA,NA,NA,NA
"908",24,34,NA,NA,NA,NA,NA,NA,NA,NA,NA
"909",24,35,NA,NA,NA,NA,NA,NA,NA,NA,NA
"910",24,36,NA,NA,NA,NA,NA,NA,NA,NA,NA
"911",24,37,NA,NA,NA,NA,NA,NA,NA,NA,NA
"912",24,38,NA,NA,NA,NA,NA,NA,NA,NA,NA
"913",25,1,"19","???","3","???","???","fish","???","???","???"
"914",25,2,"12","???","???","???","fish","???","???","???","???"
"915",25,3,"5","???","???","???","???","???","???","1 tree","???"
"916",25,4,"21","???","???","???","trees","trees","???","???","???"
"917",25,5,"2","???","???","???","???","???","???","3 trees","???"
"918",25,6,"22","???","???","???","???","???","???","1 tree","???"
"919",25,7,"30","???","???","???","trees","trees","???","???","???"
"920",25,8,"10","???","???","2","???","???","???","???","???"
"921",25,9,"3","???","???","???","???","???","???","1 tree","???"
"922",25,10,"25","???","???","???","???","trees","???","???","???"
"923",25,11,"17","???","???","???","fish","???","fish","1 tree","???"
"924",25,12,"att1","???","???","???","???","???","???","???","8"
"925",25,13,"33","???","2","???","???","???","???","???","???"
"926",25,14,"27","???","???","???","???","trees","???","???","???"
"927",25,15,"31","???","???","???","???","trees","fish","???","???"
"928",25,16,"13","???","???","???","???","fish","???","???","???"
"929",25,17,"35","???","???","???","fish","???","???","???","???"
"930",25,18,"1","???","???","???","???","???","???","1 tree","???"
"931",25,19,"0","???","???","???","???","???","???","3 trees","???"
"932",25,20,"18","1","2","???","???","???","???","???","???"
"933",25,21,"11","???","???","???","fish","???","???","???","???"
"934",25,22,"4","???","???","???","???","???","???","1 tree","???"
"935",25,23,"23","???","???","???","???","???","???","1 tree","???"
"936",25,24,"att2","???","???","???","???","???","???","???","2"
"937",25,25,"16","???","???","???","???","???","trees","???","???"
"938",25,26,"26","???","???","???","trees","???","???","???","???"
"939",25,27,"15","???","???","???","???","trees","???","???","???"
"940",25,28,"34","???","???","2","???","???","???","???","???"
"941",25,29,"9","???","2","???","???","???","???","???","???"
"942",25,30,"28","???","???","???","???","fish","trees","???","???"
"943",25,31,"32","???","???","2","???","???","???","???","???"
"944",25,32,"6","1","???","???","???","???","???","???","???"
"945",25,33,"8","???","???","1","???","???","???","???","???"
"946",25,34,"29","???","???","???","trees","???","fish","???","???"
"947",25,35,"14","???","???","???","???","???","trees","???","???"
"948",25,36,"20","???","???","3","???","???","???","???","???"
"949",25,37,"7","???","2","???","???","???","???","???","???"
"950",25,38,"24","???","???","???","???","???","???","1 tree","???"
"951",26,1,"10","???","???","2","???","???","???","???","???"
"952",26,2,"2","???","???","???","???","???","???","1 tree","???"
"953",26,3,"11","???","???","???","fish","???","???","???","???"
"954",26,4,"5","???","???","???","???","???","???","3 trees","???"
"955",26,5,"13","???","???","???","???","trees","???","???","???"
"956",26,6,"25","???","???","???","???","fish","???","???","???"
"957",26,7,"12","???","???","???","fish","???","???","???","???"
"958",26,8,"21","???","???","???","trees","trees","???","???","???"
"959",26,9,"15","???","???","???","???","trees","???","???","???"
"960",26,10,"8","???","???","1","???","???","???","???","???"
"961",26,11,"19","???","3","???","???","trees","???","???","???"
"962",26,12,"att1","???","???","???","???","???","???","???","4"
"963",26,13,"6","1","???","???","???","???","???","???","???"
"964",26,14,"23","???","???","???","???","???","???","3 trees","???"
"965",26,15,"27","???","???","???","???","trees","???","???","???"
"966",26,16,"4","???","???","???","???","???","???","3 trees","???"
"967",26,17,"31","???","???","???","???","trees","trees","???","???"
"968",26,18,"26","???","???","???","trees","???","???","???","???"
"969",26,19,"35","???","???","???","fish","???","???","???","???"
"970",26,20,"24","???","???","???","???","???","???","3 trees","???"
"971",26,21,"16","???","???","???","???","???","trees","???","???"
"972",26,22,"14","???","???","???","???","???","trees","???","???"
"973",26,23,"1","???","???","???","???","???","???","1 tree","???"
"974",26,24,"att2","???","???","???","???","???","???","???","0"
"975",26,25,"0","???","???","???","???","???","???","1 tree","???"
"976",26,26,"9","???","2","???","???","???","???","???","???"
"977",26,27,"17","???","???","???","trees","???","trees","2 trees","???"
"978",26,28,"30","???","???","???","trees","trees","???","???","???"
"979",26,29,"33","???","1","???","???","???","???","???","???"
"980",26,30,"28","???","???","???","???","fish","trees","???","???"
"981",26,31,"22","???","???","???","???","???","???","3 trees","???"
"982",26,32,"18","2","1","???","???","???","???","???","???"
"983",26,33,"20","???","???","1","???","???","???","???","???"
"984",26,34,"32","???","???","3","???","???","???","???","???"
"985",26,35,"3","???","???","???","???","???","???","3 trees","???"
"986",26,36,"34","???","???","2","???","???","???","???","???"
"987",26,37,"29","???","???","???","trees","???","fish","???","???"
"988",26,38,"7","???","2","???","???","???","???","???","???"
"989",27,1,NA,NA,NA,NA,NA,NA,NA,NA,NA
"990",27,2,NA,NA,NA,NA,NA,NA,NA,NA,NA
"991",27,3,NA,NA,NA,NA,NA,NA,NA,NA,NA
"992",27,4,NA,NA,NA,NA,NA,NA,NA,NA,NA
"993",27,5,NA,NA,NA,NA,NA,NA,NA,NA,NA
"994",27,6,NA,NA,NA,NA,NA,NA,NA,NA,NA
"995",27,7,NA,NA,NA,NA,NA,NA,NA,NA,NA
"996",27,8,NA,NA,NA,NA,NA,NA,NA,NA,NA
"997",27,9,NA,NA,NA,NA,NA,NA,NA,NA,NA
"998",27,10,NA,NA,NA,NA,NA,NA,NA,NA,NA
"999",27,11,NA,NA,NA,NA,NA,NA,NA,NA,NA
"1000",27,12,NA,NA,NA,NA,NA,NA,NA,NA,NA
"1001",27,13,NA,NA,NA,NA,NA,NA,NA,NA,NA
"1002",27,14,NA,NA,NA,NA,NA,NA,NA,NA,NA
"1003",27,15,NA,NA,NA,NA,NA,NA,NA,NA,NA
"1004",27,16,NA,NA,NA,NA,NA,NA,NA,NA,NA
"1005",27,17,NA,NA,NA,NA,NA,NA,NA,NA,NA
"1006",27,18,NA,NA,NA,NA,NA,NA,NA,NA,NA
"1007",27,19,NA,NA,NA,NA,NA,NA,NA,NA,NA
"1008",27,20,NA,NA,NA,NA,NA,NA,NA,NA,NA
"1009",27,21,NA,NA,NA,NA,NA,NA,NA,NA,NA
"1010",27,22,NA,NA,NA,NA,NA,NA,NA,NA,NA
"1011",27,23,NA,NA,NA,NA,NA,NA,NA,NA,NA
"1012",27,24,NA,NA,NA,NA,NA,NA,NA,NA,NA
"1013",27,25,NA,NA,NA,NA,NA,NA,NA,NA,NA
"1014",27,26,NA,NA,NA,NA,NA,NA,NA,NA,NA
"1015",27,27,NA,NA,NA,NA,NA,NA,NA,NA,NA
"1016",27,28,NA,NA,NA,NA,NA,NA,NA,NA,NA
"1017",27,29,NA,NA,NA,NA,NA,NA,NA,NA,NA
"1018",27,30,NA,NA,NA,NA,NA,NA,NA,NA,NA
"1019",27,31,NA,NA,NA,NA,NA,NA,NA,NA,NA
"1020",27,32,NA,NA,NA,NA,NA,NA,NA,NA,NA
"1021",27,33,NA,NA,NA,NA,NA,NA,NA,NA,NA
"1022",27,34,NA,NA,NA,NA,NA,NA,NA,NA,NA
"1023",27,35,NA,NA,NA,NA,NA,NA,NA,NA,NA
"1024",27,36,NA,NA,NA,NA,NA,NA,NA,NA,NA
"1025",27,37,NA,NA,NA,NA,NA,NA,NA,NA,NA
"1026",27,38,NA,NA,NA,NA,NA,NA,NA,NA,NA
"1027",28,1,"31","???","???","???","???","fish","fish","???","???"
"1028",28,2,"18","2","2","???","???","???","???","???","???"
"1029",28,3,"28","???","???","???","???","trees","fish","???","???"
"1030",28,4,"6","3","???","???","???","???","???","???","???"
"1031",28,5,"9","???","2","???","???","???","???","???","???"
"1032",28,6,"8","???","???","1","???","???","???","???","???"
"1033",28,7,"5","???","???","???","???","???","???","3 trees","???"
"1034",28,8,"10","???","???","3","???","???","???","???","???"
"1035",28,9,"11","???","???","???","trees","???","???","???","???"
"1036",28,10,"26","???","???","???","trees","???","???","???","???"
"1037",28,11,"13","???","???","???","???","trees","???","???","???"
"1038",28,12,"att1","???","???","???","???","???","???","???","4"
"1039",28,13,"1","???","???","???","???","???","???","2 trees","???"
"1040",28,14,"7","???","2","???","???","???","???","???","???"
"1041",28,15,"17","???","???","???","fish","???","fish","1 tree","???"
"1042",28,16,"3","???","???","???","???","???","???","2 trees","???"
"1043",28,17,"29","???","???","???","fish","???","trees","???","???"
"1044",28,18,"15","???","???","???","???","trees","???","???","???"
"1045",28,19,"14","???","???","???","???","???","fish","???","???"
"1046",28,20,"0","???","???","???","???","???","???","1 tree","???"
"1047",28,21,"27","???","???","???","???","fish","???","???","???"
"1048",28,22,"16","???","???","???","???","???","fish","???","???"
"1049",28,23,"24","???","???","???","???","???","???","1 tree","???"
"1050",28,24,"att2","???","???","???","???","???","???","???","6"
"1051",28,25,"23","???","???","???","???","???","???","3 trees","???"
"1052",28,26,"33","???","2","???","???","???","???","???","???"
"1053",28,27,"2","???","???","???","???","???","???","3 trees","???"
"1054",28,28,"25","???","???","???","???","trees","???","???","???"
"1055",28,29,"22","???","???","???","???","???","???","1 tree","???"
"1056",28,30,"32","???","???","1","???","???","???","???","???"
"1057",28,31,"12","???","???","???","fish","???","???","???","???"
"1058",28,32,"4","???","???","???","???","???","???","1 tree","???"
"1059",28,33,"19","???","3","???","???","fish","???","???","???"
"1060",28,34,"30","???","???","???","fish","trees","???","???","???"
"1061",28,35,"21","???","???","???","fish","trees","???","???","???"
"1062",28,36,"20","???","???","3","???","???","???","???","???"
"1063",28,37,"34","???","???","2","???","???","???","???","???"
"1064",28,38,"35","???","???","???","trees","???","???","???","???"
"1065",29,1,"0","???","???","???","???","???","???","3 trees","???"
"1066",29,2,"14","???","???","???","???","???","trees","???","???"
"1067",29,3,"30","???","???","???","trees","trees","???","???","???"
"1068",29,4,"9","???","1","???","???","???","???","???","???"
"1069",29,5,"1","???","???","???","???","???","???","3 trees","???"
"1070",29,6,"21","???","???","???","trees","trees","???","???","???"
"1071",29,7,"2","???","???","???","???","???","???","3 trees","???"
"1072",29,8,"25","???","???","???","???","fish","???","???","???"
"1073",29,9,"17","???","???","???","trees","???","trees","2 trees","???"
"1074",29,10,"33","???","3","???","???","???","???","???","???"
"1075",29,11,"12","???","???","???","trees","???","???","???","???"
"1076",29,12,"att1","???","???","???","???","???","???","???","4"
"1077",29,13,"10","???","???","2","???","???","???","???","???"
"1078",29,14,"23","???","???","???","???","???","???","3 trees","???"
"1079",29,15,"24","???","???","???","???","???","???","3 trees","???"
"1080",29,16,"18","3","3","???","???","???","???","???","???"
"1081",29,17,"32","???","???","3","???","???","???","???","???"
"1082",29,18,"27","???","???","???","???","trees","???","???","???"
"1083",29,19,"16","???","???","???","???","???","trees","???","???"
"1084",29,20,"3","???","???","???","???","???","???","2 trees","???"
"1085",29,21,"28","???","???","???","???","fish","trees","???","???"
"1086",29,22,"7","???","2","???","???","???","???","???","???"
"1087",29,23,"22","???","???","???","???","???","???","3 trees","???"
"1088",29,24,"att2","???","???","???","???","???","???","???","6"
"1089",29,25,"15","???","???","???","???","trees","???","???","???"
"1090",29,26,"19","???","3","???","???","trees","???","???","???"
"1091",29,27,"26","???","???","???","trees","???","???","???","???"
"1092",29,28,"5","???","???","???","???","???","???","3 trees","???"
"1093",29,29,"4","???","???","???","???","???","???","3 trees","???"
"1094",29,30,"31","???","???","???","???","trees","trees","???","???"
"1095",29,31,"29","???","???","???","trees","???","fish","???","???"
"1096",29,32,"34","???","???","3","???","???","???","???","???"
"1097",29,33,"20","???","???","3","???","???","???","???","???"
"1098",29,34,"11","???","???","???","trees","???","???","???","???"
"1099",29,35,"35","???","???","???","trees","???","???","???","???"
"1100",29,36,"6","2","???","???","???","???","???","???","???"
"1101",29,37,"13","???","???","???","???","trees","???","???","???"
"1102",29,38,"8","???","???","2","???","???","???","???","???"
"1103",30,1,"16","???","???","???","???","???","fish","???","???"
"1104",30,2,"0","???","???","???","???","???","???","2 trees","???"
"1105",30,3,"28","???","???","???","???","trees","fish","???","???"
"1106",30,4,"23","???","???","???","???","???","???","3 trees","???"
"1107",30,5,"19","???","3","???","???","fish","???","???","???"
"1108",30,6,"32","???","???","1","???","???","???","???","???"
"1109",30,7,"21","???","???","???","fish","fish","???","???","???"
"1110",30,8,"10","???","???","3","???","???","???","???","???"
"1111",30,9,"9","???","2","???","???","???","???","???","???"
"1112",30,10,"2","???","???","???","???","???","???","3 trees","???"
"1113",30,11,"17","???","???","???","fish","???","fish","1 tree","???"
"1114",30,12,"att1","???","???","???","???","???","???","???","4"
"1115",30,13,"20","???","???","3","???","???","???","???","???"
"1116",30,14,"4","???","???","???","???","???","???","2 trees","???"
"1117",30,15,"7","???","2","???","???","???","???","???","???"
"1118",30,16,"12","???","???","???","fish","???","???","???","???"
"1119",30,17,"35","???","???","???","fish","???","???","???","???"
"1120",30,18,"18","2","2","???","???","???","???","???","???"
"1121",30,19,"15","???","???","???","???","fish","???","???","???"
"1122",30,20,"29","???","???","???","fish","???","trees","???","???"
"1123",30,21,"5","???","???","???","???","???","???","3 trees","???"
"1124",30,22,"1","???","???","???","???","???","???","1 tree","???"
"1125",30,23,"31","???","???","???","???","fish","fish","???","???"
"1126",30,24,"att2","???","???","???","???","???","???","???","0"
"1127",30,25,"24","???","???","???","???","???","???","1 tree","???"
"1128",30,26,"13","???","???","???","???","trees","???","???","???"
"1129",30,27,"27","???","???","???","???","trees","???","???","???"
"1130",30,28,"14","???","???","???","???","???","fish","???","???"
"1131",30,29,"11","???","???","???","trees","???","???","???","???"
"1132",30,30,"34","???","???","2","???","???","???","???","???"
"1133",30,31,"26","???","???","???","trees","???","???","???","???"
"1134",30,32,"8","???","???","1","???","???","???","???","???"
"1135",30,33,"30","???","???","???","fish","trees","???","???","???"
"1136",30,34,"3","???","???","???","???","???","???","1 tree","???"
"1137",30,35,"33","???","3","???","???","???","???","???","???"
"1138",30,36,"25","???","???","???","???","trees","???","???","???"
"1139",30,37,"22","???","???","???","???","???","???","1 tree","???"
"1140",30,38,"6","3","???","???","???","???","???","???","???"
